index,과정명,학원명,기간,훈련비,정원,취업률,연령대,NCS분야,과정
0,"직업상담사 2급 국가기술자격 취득과정(1,2차 통합)",씨앤씨직업상담학원,40,1028320,21,40.0,32.0,07_사회복지 종교,직업상담
1,직업상담사 2급 취득(1차/2차),중앙직업전문학교,50,1285400,20,46.7,40.0,07_사회복지 종교,직업상담
2,"직업상담사2급자격증취득과정(1차,2차)",현대직업전문학교,70,1349670,20,49.1,32.0,07_사회복지 종교,직업상담
3,직업상담사자격증(필기+실기),윤성회계캐드컴퓨터학원,50,1285400,20,33.3,26.0,07_사회복지 종교,직업상담
4,원샷원킬! 직업상담사2급 필기실기 종합반,한국이러닝협회,56,424900,500,32.5,35.0,07_사회복지 종교,직업상담
5,원샷원킬! 직업상담사2급 실기대비반,한국이러닝협회,28,154200,500,32.5,,07_사회복지 종교,직업상담
6,직업상담사 2급 한번에 끝내기 실기 과정,(사)한국디지털컨버전스협회,28,170100,500,29.3,,07_사회복지 종교,직업상담
7,Wowpass! 사회복지사 1급(사회복지실천) 완벽 대비반(이론+문제풀이),한국이러닝협회,28,202500,500,32.3,,07_사회복지 종교,사회복지
8,Wowpass! 직업상담사 2급 실기(필답형 완성반),한국이러닝협회,28,143100,500,32.5,30.0,07_사회복지 종교,직업상담
9,Wowpass! 사회복지사 1급(사회복지정책과제도) 완벽 대비반(이론+문제풀이),한국이러닝협회,56,253800,500,32.3,,07_사회복지 종교,사회복지
10,원샷원킬! 사회복지사1급 핵심이론+문제풀이,한국이러닝협회,56,422400,500,32.3,42.0,07_사회복지 종교,사회복지
11,"직업상담사2급(1차,2차)취득",서대문여성인력개발센터,43,1105440,20,43.0,36.0,07_사회복지 종교,직업상담
12,Wowpass! 직업상담사 2급 필기 종합반(이론+문제풀이),한국이러닝협회,56,291600,500,32.5,44.0,07_사회복지 종교,직업상담
13,Wowpass! 사회복지사 1급(사회복지기초) 완벽 대비반(이론+문제풀이),한국이러닝협회,28,137700,500,32.3,,07_사회복지 종교,사회복지
14,직업상담사 2급 한번에 끝내기(필기/실기),(사)한국디지털컨버전스협회,56,483300,500,29.3,44.0,07_사회복지 종교,직업상담
15,원샷원킬! 직업상담사2급 필기대비반,한국이러닝협회,56,278400,500,32.5,25.0,07_사회복지 종교,직업상담
16,"직업상담사 2급 자격 취득과정(1차필기, 2차실기 통합반)",영남직업능력개발원,47,1523190,20,43.4,41.0,07_사회복지 종교,직업상담
17,직업상담사2급 자격증 취득과정,미토직업전문학교,30,771240,20,35.5,38.0,07_사회복지 종교,직업상담
18,직업상담사2급 자격증,주식회사한국인재양성교육원,50,1285400,20,31.3,40.0,07_사회복지 종교,직업상담
19,직업상담사2급 필기과정,(주)조근혜 부설 대전직업상담사학원,32,771240,15,48.8,40.0,07_사회복지 종교,직업상담
20,직업상담사2급(2차)자격증 취득,울산직업전문학교,19,494870,20,30.0,43.0,07_사회복지 종교,직업상담
21,"직업상담사 2급 자격증 취득과정(1차,2차 통합)",휴먼평생직업교육학원,45,1156860,18,43.5,36.0,07_사회복지 종교,직업상담
22,Wowpass! 직업상담사 2급 실기(필답형 완성반),한국이러닝협회,28,157410,500,32.5,46.0,07_사회복지 종교,직업상담
23,원샷원킬! 직업상담사2급 실기대비반,한국이러닝협회,28,166620,500,32.5,35.0,07_사회복지 종교,직업상담
24,직업상담사 2급 한번에 끝내기(필기/실기),(사)한국디지털컨버전스협회,56,531630,500,29.3,47.0,07_사회복지 종교,직업상담
25,원샷원킬! 사회복지사1급 핵심이론+문제풀이,한국이러닝협회,56,459640,500,32.3,,07_사회복지 종교,사회복지
26,Wowpass! 사회복지사 1급(사회복지실천) 완벽 대비반(이론+문제풀이),한국이러닝협회,28,222750,500,32.3,26.0,07_사회복지 종교,사회복지
27,원샷원킬! 직업상담사2급 필기대비반,한국이러닝협회,56,303240,500,32.5,,07_사회복지 종교,직업상담
28,Wowpass! 직업상담사 2급 필기 종합반(이론+문제풀이),한국이러닝협회,56,320760,500,32.5,37.0,07_사회복지 종교,직업상담
29,원샷원킬! 직업상담사2급 필기실기 종합반,한국이러닝협회,56,461890,500,32.5,47.0,07_사회복지 종교,직업상담
30,Wowpass! 사회복지사 1급(사회복지정책과제도) 완벽 대비반(이론+문제풀이),한국이러닝협회,56,279180,500,32.3,29.0,07_사회복지 종교,사회복지
31,Wowpass! 사회복지사 1급(사회복지기초) 완벽 대비반(이론+문제풀이),한국이러닝협회,28,151470,500,32.3,26.0,07_사회복지 종교,사회복지
32,직업상담사 2급 한번에 끝내기 실기 과정,(사)한국디지털컨버전스협회,28,187110,500,29.3,,07_사회복지 종교,직업상담
33,"직업상담사2급 자격 취득과정(1,2차 통합)",(주)이룸리더십연구원 이룸리더십학원,45,1156860,20,33.3,47.0,07_사회복지 종교,직업상담
34,직업상담사2급 자격증취득(1차+2차),이젠컴퓨터아트서비스학원,50,1285400,10,31.3,27.0,07_사회복지 종교,직업상담
35,직업상담사 2급(1차+2차)자격증 취득,종로여성인력개발센터,43,1105440,25,49.0,40.0,07_사회복지 종교,직업상담
36,직업상담사2급 자격증취득(2차 실기),양산직업학교,20,385620,20,58.8,41.0,07_사회복지 종교,직업상담
37,직업상담사2급 자격(1차 필기),부산예일직업전문학교,26,655550,20,34.1,33.0,07_사회복지 종교,직업상담
38,직업상담사 2급 취득(1차/2차),중앙직업전문학교,50,1285400,20,46.7,45.0,07_사회복지 종교,직업상담
39,산모신생아 건강관리사 양성,엘림평생교육원,15,373260,12,56.8,57.0,07_사회복지 종교,건강관리
40,직업상담사2급 자격증 취득,영등포여성인력개발센터,39,1075200,20,37.5,44.0,07_사회복지 종교,직업상담
41,직업상담사2급 자격증 취득과정(2차 실기),(주)이룸리더십연구원 이룸리더십학원,27,514160,20,33.3,48.0,07_사회복지 종교,직업상담
42,"직업상담사 2급 자격증 취득과정 (1차, 2차)",(주)미래산업교육원 북부직업전문학교,52,1336810,20,39.7,38.0,07_사회복지 종교,직업상담
43,직업상담사 2급 자격증취득과정(필기+실기),(주)울산KH정보교육원,43,1542480,20,32.8,37.0,07_사회복지 종교,직업상담
44,직업상담사 2급 자격증 취득과정(필기/실기),강서여성인력개발센터,50,1285400,20,40.0,,07_사회복지 종교,직업상담
45,직업상담사2급자격시험 대비반,안산여성인력개발센터,46,1156860,20,44.2,40.0,07_사회복지 종교,직업상담
46,Wowpass! 사회복지사 1급(사회복지정책과제도) 완벽 대비반(이론+문제풀이),한국이러닝협회,56,279180,500,32.3,,07_사회복지 종교,사회복지
47,Wowpass! 사회복지사 1급(사회복지기초) 완벽 대비반(이론+문제풀이),한국이러닝협회,28,151470,500,32.3,30.0,07_사회복지 종교,사회복지
48,직업상담사 2급 한번에 끝내기 실기 과정,(사)한국디지털컨버전스협회,28,187110,500,29.3,,07_사회복지 종교,직업상담
49,Wowpass! 직업상담사 2급 필기 종합반(이론+문제풀이),한국이러닝협회,56,320760,500,32.5,46.0,07_사회복지 종교,직업상담
50,원샷원킬! 직업상담사2급 필기대비반,한국이러닝협회,56,303240,500,32.5,44.0,07_사회복지 종교,직업상담
51,원샷원킬! 사회복지사1급 핵심이론+문제풀이,한국이러닝협회,56,459640,500,32.3,,07_사회복지 종교,사회복지
52,Wowpass! 직업상담사 2급 실기(필답형 완성반),한국이러닝협회,28,157410,500,32.5,37.0,07_사회복지 종교,직업상담
53,원샷원킬! 직업상담사2급 필기실기 종합반,한국이러닝협회,56,461890,500,32.5,36.0,07_사회복지 종교,직업상담
54,Wowpass! 사회복지사 1급(사회복지실천) 완벽 대비반(이론+문제풀이),한국이러닝협회,28,222750,500,32.3,24.0,07_사회복지 종교,사회복지
55,원샷원킬! 직업상담사2급 실기대비반,한국이러닝협회,28,166620,500,32.5,,07_사회복지 종교,직업상담
56,직업상담사 2급 한번에 끝내기(필기/실기),(사)한국디지털컨버전스협회,56,531630,500,29.3,46.0,07_사회복지 종교,직업상담
57,"직업상담사2급(1,2차)취득",서울특별시서부여성발전센터,40,1028320,17,36.4,45.0,07_사회복지 종교,직업상담
58,베이비시터 양성,엘림평생교육원,10,264720,14,63.2,58.0,07_사회복지 종교,베이비시터
59,직업상담사2급취득(필기+실기),원스톱직업학원,45,1156860,28,35.5,44.0,07_사회복지 종교,직업상담
60,직업상담사2급 자격 취득과정,동양캐드/전산회계/컴퓨터학원,60,1542480,12,47.6,,07_사회복지 종교,직업상담
61,"직업상담사 2급 국가기술자격 취득 과정(1,2차 통합)",씨앤씨직업상담학원,41,1079730,21,40.0,34.0,07_사회복지 종교,직업상담
62,"직업상담사 2급 자격 취득(1,2차 통합)",(재)대구직업전문학교,40,1285400,20,40.0,35.0,07_사회복지 종교,직업상담
63,직업상담사2급 필기과정,(주)조근혜 부설 대전직업상담사학원,23,771240,15,48.8,40.0,07_사회복지 종교,직업상담
64,전직지원 컨설턴트 과정,인지어스평생교육원,36,1156860,20,52.1,50.0,07_사회복지 종교,전직지원
65,직업상담사자격증(필기+실기),윤성회계캐드컴퓨터학원,46,1285400,20,33.3,25.0,07_사회복지 종교,직업상담
66,직업상담사2급 자격 취득과정,송파여성인력개발센터,34,925480,23,40.2,39.0,07_사회복지 종교,직업상담
67,직업상담사2급 자격증,새동아직업전문학교,32,796940,20,48.3,38.0,07_사회복지 종교,직업상담
68,원샷원킬! 직업상담사2급 필기실기 종합반,한국이러닝협회,56,461890,500,32.5,35.0,07_사회복지 종교,직업상담
69,원샷원킬! 직업상담사2급 실기대비반,한국이러닝협회,28,166620,500,32.5,,07_사회복지 종교,직업상담
70,직업상담사 2급 한번에 끝내기(필기/실기),(사)한국디지털컨버전스협회,56,531630,500,29.3,50.0,07_사회복지 종교,직업상담
71,원샷원킬! 사회복지사1급 핵심이론+문제풀이,한국이러닝협회,56,459640,500,32.3,52.0,07_사회복지 종교,사회복지
72,Wowpass! 사회복지사 1급(사회복지정책과제도) 완벽 대비반(이론+문제풀이),한국이러닝협회,56,279180,500,32.3,24.0,07_사회복지 종교,사회복지
73,Wowpass! 사회복지사 1급(사회복지실천) 완벽 대비반(이론+문제풀이),한국이러닝협회,28,222750,500,32.3,25.0,07_사회복지 종교,사회복지
74,원샷원킬! 직업상담사2급 필기대비반,한국이러닝협회,56,303240,500,32.5,41.0,07_사회복지 종교,직업상담
75,Wowpass! 사회복지사 1급(사회복지기초) 완벽 대비반(이론+문제풀이),한국이러닝협회,28,151470,500,32.3,35.0,07_사회복지 종교,사회복지
76,Wowpass! 직업상담사 2급 필기 종합반(이론+문제풀이),한국이러닝협회,56,320760,500,32.5,47.0,07_사회복지 종교,직업상담
77,Wowpass! 직업상담사 2급 실기(필답형 완성반),한국이러닝협회,28,157410,500,32.5,38.0,07_사회복지 종교,직업상담
78,직업상담사 2급 한번에 끝내기 실기 과정,(사)한국디지털컨버전스협회,28,187110,500,29.3,,07_사회복지 종교,직업상담
79,"직업상담사2급 자격증 취득과정(필기,실기)",고양여성인력개발센터,45,1156860,24,24.0,37.0,07_사회복지 종교,직업상담
80,산모신생아건강관리사 양성과정,(주)부모사랑유씨평생교육원,10,373260,30,57.9,54.0,07_사회복지 종교,건강관리
81,직업상담사2급 자격증 취득과정,미토직업전문학교,30,771240,20,35.5,34.0,07_사회복지 종교,직업상담
82,직업상담사2급 자격증취득(1차+2차),이젠컴퓨터아트서비스학원,50,1285400,10,31.3,34.0,07_사회복지 종교,직업상담
83,"직업상담사2급 자격 취득과정(1,2차 통합)",(주)이룸리더십연구원 이룸리더십학원,45,1156860,20,33.3,39.0,07_사회복지 종교,직업상담
84,"직업상담사 2급 자격증 취득과정(필기, 실기)",다산직업전문학교,50,1285400,20,38.6,40.0,07_사회복지 종교,직업상담
85,직업상담사 2급 자격증 취득과정(실기),다산직업전문학교,27,514160,20,38.6,43.0,07_사회복지 종교,직업상담
86,원샷원킬! 직업상담사2급 필기대비반,한국이러닝협회,56,303240,500,32.5,30.0,07_사회복지 종교,직업상담
87,Wowpass! 사회복지사 1급(사회복지정책과제도) 완벽 대비반(이론+문제풀이),한국이러닝협회,56,279180,500,32.3,48.0,07_사회복지 종교,사회복지
88,Wowpass! 직업상담사 2급 필기 종합반(이론+문제풀이),한국이러닝협회,56,320760,500,32.5,46.0,07_사회복지 종교,직업상담
89,Wowpass! 직업상담사 2급 실기(필답형 완성반),한국이러닝협회,28,157410,500,32.5,35.0,07_사회복지 종교,직업상담
90,원샷원킬! 직업상담사2급 필기실기 종합반,한국이러닝협회,56,461890,500,32.5,40.0,07_사회복지 종교,직업상담
91,Wowpass! 사회복지사 1급(사회복지기초) 완벽 대비반(이론+문제풀이),한국이러닝협회,28,151470,500,32.3,35.0,07_사회복지 종교,사회복지
92,직업상담사 2급 한번에 끝내기 실기 과정,(사)한국디지털컨버전스협회,28,187110,500,29.3,,07_사회복지 종교,직업상담
93,원샷원킬! 사회복지사1급 핵심이론+문제풀이,한국이러닝협회,56,459640,500,32.3,26.0,07_사회복지 종교,사회복지
94,원샷원킬! 직업상담사2급 실기대비반,한국이러닝협회,28,166620,500,32.5,,07_사회복지 종교,직업상담
95,Wowpass! 사회복지사 1급(사회복지실천) 완벽 대비반(이론+문제풀이),한국이러닝협회,28,222750,500,32.3,,07_사회복지 종교,사회복지
96,직업상담사 2급 한번에 끝내기(필기/실기),(사)한국디지털컨버전스협회,56,531630,500,29.3,44.0,07_사회복지 종교,직업상담
97,베이비시터 양성,엘림평생교육원,10,264720,14,63.2,55.0,07_사회복지 종교,베이비시터
98,NCS직업상담실무과정(직업상담사2급1차 필기),안양여성인력개발센터,16,608950,17,40.2,41.0,07_사회복지 종교,직업상담
99,[과정평가형자격]직업상담사2급,동양캐드/전산회계/컴퓨터학원,91,4048800,20,47.6,42.0,07_사회복지 종교,직업상담
100,직업상담사2급취득(필기+실기),원스톱직업학원,45,1156860,28,35.5,35.0,07_사회복지 종교,직업상담
101,Wowpass! 직업상담사 2급 필기 종합반(이론+문제풀이),한국이러닝협회,56,320760,500,32.5,47.0,07_사회복지 종교,직업상담
102,Wowpass! 직업상담사 2급 실기(필답형 완성반),한국이러닝협회,28,157410,500,32.5,28.0,07_사회복지 종교,직업상담
103,직업상담사 2급 한번에 끝내기(필기/실기),(사)한국디지털컨버전스협회,56,531630,500,29.3,40.0,07_사회복지 종교,직업상담
104,원샷원킬! 사회복지사1급 핵심이론+문제풀이,한국이러닝협회,56,459640,500,32.3,40.0,07_사회복지 종교,사회복지
105,원샷원킬! 직업상담사2급 실기대비반,한국이러닝협회,28,166620,500,32.5,,07_사회복지 종교,직업상담
106,Wowpass! 사회복지사 1급(사회복지기초) 완벽 대비반(이론+문제풀이),한국이러닝협회,28,151470,500,32.3,,07_사회복지 종교,사회복지
107,Wowpass! 사회복지사 1급(사회복지실천) 완벽 대비반(이론+문제풀이),한국이러닝협회,28,222750,500,32.3,36.0,07_사회복지 종교,사회복지
108,직업상담사 2급 한번에 끝내기 실기 과정,(사)한국디지털컨버전스협회,28,187110,500,29.3,,07_사회복지 종교,직업상담
109,원샷원킬! 직업상담사2급 필기실기 종합반,한국이러닝협회,56,461890,500,32.5,42.0,07_사회복지 종교,직업상담
110,원샷원킬! 직업상담사2급 필기대비반,한국이러닝협회,56,303240,500,32.5,44.0,07_사회복지 종교,직업상담
111,Wowpass! 사회복지사 1급(사회복지정책과제도) 완벽 대비반(이론+문제풀이),한국이러닝협회,56,279180,500,32.3,,07_사회복지 종교,사회복지
112,직업상담사2급 1차 필기과정,(주)조근혜 부설 대전직업상담사학원,30,706970,15,48.8,40.0,07_사회복지 종교,직업상담
113,직업상담사2급 자격증 취득,양산직업학교,70,3306520,30,58.8,38.0,07_사회복지 종교,직업상담
114,직업상담사2급 자격증 취득과정(이론+실기),에듀인능력개발원,40,1028320,20,36.5,47.0,07_사회복지 종교,직업상담
115,아이돌보미 양성,엘림평생교육원,10,248840,14,56.8,56.0,07_사회복지 종교,베이비시터
116,"직업상담사 2급 자격증 취득과정(1차,2차 통합)",휴먼평생직업교육학원,45,1156860,18,43.5,37.0,07_사회복지 종교,직업상담
117,"【 직업상담사2급 】자격증취득과정_직상2급(1차필기,2차실기)대비",이젠아카데미컴퓨터학원,50,1285400,20,36.6,38.0,07_사회복지 종교,직업상담
118,아이돌보미 양성,엘림평생교육원,10,248840,14,56.8,,07_사회복지 종교,베이비시터
119,산모신생아 건강관리사 양성,엘림평생교육원,15,373260,12,56.8,,07_사회복지 종교,건강관리
120,직업상담사 2급 취득(1차/2차),중앙직업전문학교,50,1285400,20,46.7,37.0,07_사회복지 종교,직업상담
121,베이비시터 양성,엘림평생교육원,10,264720,14,63.2,54.0,07_사회복지 종교,베이비시터
122,직업상담사 실무과정,(주)조근혜 부설 대전직업상담사학원,18,385620,15,48.8,32.0,07_사회복지 종교,직업상담
123,원샷원킬! 직업상담사2급 필기대비반,한국이러닝협회,56,303240,500,32.5,40.0,07_사회복지 종교,직업상담
124,Wowpass! 사회복지사 1급(사회복지실천) 완벽 대비반(이론+문제풀이),한국이러닝협회,28,222750,500,32.3,35.0,07_사회복지 종교,사회복지
125,직업상담사 2급 한번에 끝내기 실기 과정,(사)한국디지털컨버전스협회,28,187110,500,29.3,,07_사회복지 종교,직업상담
126,Wowpass! 직업상담사 2급 필기 종합반(이론+문제풀이),한국이러닝협회,56,320760,500,32.5,27.0,07_사회복지 종교,직업상담
127,Wowpass! 직업상담사 2급 실기(필답형 완성반),한국이러닝협회,28,157410,500,32.5,50.0,07_사회복지 종교,직업상담
128,원샷원킬! 직업상담사2급 필기실기 종합반,한국이러닝협회,56,461890,500,32.5,43.0,07_사회복지 종교,직업상담
129,원샷원킬! 직업상담사2급 실기대비반,한국이러닝협회,28,166620,500,32.5,,07_사회복지 종교,직업상담
130,Wowpass! 사회복지사 1급(사회복지기초) 완벽 대비반(이론+문제풀이),한국이러닝협회,28,151470,500,32.3,32.0,07_사회복지 종교,사회복지
131,원샷원킬! 사회복지사1급 핵심이론+문제풀이,한국이러닝협회,56,459640,500,32.3,,07_사회복지 종교,사회복지
132,Wowpass! 사회복지사 1급(사회복지정책과제도) 완벽 대비반(이론+문제풀이),한국이러닝협회,56,279180,500,32.3,47.0,07_사회복지 종교,사회복지
133,직업상담사 2급 한번에 끝내기(필기/실기),(사)한국디지털컨버전스협회,56,531630,500,29.3,40.0,07_사회복지 종교,직업상담
134,"직업상담사2급 자격증취득과정(1,2차통합)",주안 직업상담사 전문학원,50,1285400,25,31.6,42.0,07_사회복지 종교,직업상담
135,"직업상담사2급 자격증 취득(2차,실기)",(주)한양능력개발원,19,482020,20,35.1,43.0,07_사회복지 종교,직업상담
136,"직업상담사2급 자격 취득과정(1,2차 통합)",(주)이룸리더십연구원 이룸리더십학원,45,1156860,20,33.3,43.0,07_사회복지 종교,직업상담
137,직업상담사 양성과정(자격증취득),미토직업전문학교,51,1285400,24,35.5,40.0,07_사회복지 종교,직업상담
138,직업상담사 실무과정,(주)조근혜 부설 대전직업상담사학원,15,385620,15,48.8,42.0,07_사회복지 종교,직업상담
139,"직업상담사 2급 국가기술자격 취득 과정(1,2차 통합)",씨앤씨직업상담학원,42,1079730,21,40.0,36.0,07_사회복지 종교,직업상담
140,직업상담사2급 자격 취득과정,천안여성인력개발센터,36,925480,24,35.2,39.0,07_사회복지 종교,직업상담
141,직업상담사2급 자격증취득(1차+2차),이젠컴퓨터아트서비스학원,50,1285400,10,31.3,27.0,07_사회복지 종교,직업상담
142,2020직업상담사2급취득(1차+2차),원스톱직업학원,45,1156860,28,35.5,39.0,07_사회복지 종교,직업상담
143,직업상담사 2급 자격증취득과정(필기+실기),(주)울산KH정보교육원,60,1542480,20,32.8,38.0,07_사회복지 종교,직업상담
144,직업상담사2급 자격증 취득과정(이론+실기),에듀인능력개발원,40,1028320,20,36.5,34.0,07_사회복지 종교,직업상담
145,베이비시터 양성,엘림평생교육원,10,264720,14,63.2,,07_사회복지 종교,베이비시터
146,아이돌보미 양성,엘림평생교육원,10,248840,14,56.8,56.0,07_사회복지 종교,베이비시터
147,[과정평가형] 직업상담사2급 자격취득 과정(2020),한국능력개발직업전문학교,80,3239040,20,50.0,32.0,07_사회복지 종교,직업상담
148,"직업상담사 2급 자격증 취득과정(필기, 실기)",다산직업전문학교,50,1285400,20,38.6,39.0,07_사회복지 종교,직업상담
149,"직업상담사2급자격증취득과정(1차,2차)",현대직업전문학교,40,1028320,20,49.1,32.0,07_사회복지 종교,직업상담
150,"직업상담사 2급 자격증 취득과정 (1차, 2차)",(주)미래산업교육원 북부직업전문학교,52,1336810,20,39.7,44.0,07_사회복지 종교,직업상담
151,Wowpass! 직업상담사 2급 필기 종합반(이론+문제풀이),한국이러닝협회,56,320760,500,32.5,44.0,07_사회복지 종교,직업상담
152,원샷원킬! 직업상담사2급 필기실기 종합반,한국이러닝협회,56,461890,500,32.5,45.0,07_사회복지 종교,직업상담
153,Wowpass! 사회복지사 1급(사회복지정책과제도) 완벽 대비반(이론+문제풀이),한국이러닝협회,56,279180,500,32.3,33.0,07_사회복지 종교,사회복지
154,직업상담사 2급 한번에 끝내기(필기/실기),(사)한국디지털컨버전스협회,56,531630,500,29.3,42.0,07_사회복지 종교,직업상담
155,Wowpass! 사회복지사 1급(사회복지기초) 완벽 대비반(이론+문제풀이),한국이러닝협회,28,151470,500,32.3,41.0,07_사회복지 종교,사회복지
156,원샷원킬! 사회복지사1급 핵심이론+문제풀이,한국이러닝협회,56,459640,500,32.3,,07_사회복지 종교,사회복지
157,Wowpass! 직업상담사 2급 실기(필답형 완성반),한국이러닝협회,28,157410,500,32.5,,07_사회복지 종교,직업상담
158,원샷원킬! 직업상담사2급 실기대비반,한국이러닝협회,28,166620,500,32.5,39.0,07_사회복지 종교,직업상담
159,직업상담사 2급 한번에 끝내기 실기 과정,(사)한국디지털컨버전스협회,28,187110,500,29.3,,07_사회복지 종교,직업상담
160,Wowpass! 사회복지사 1급(사회복지실천) 완벽 대비반(이론+문제풀이),한국이러닝협회,28,222750,500,32.3,33.0,07_사회복지 종교,사회복지
161,원샷원킬! 직업상담사2급 필기대비반,한국이러닝협회,56,303240,500,32.5,42.0,07_사회복지 종교,직업상담
162,직업상담사2급자격시험 대비반,안산여성인력개발센터,45,1156860,20,44.2,38.0,07_사회복지 종교,직업상담
163,직업상담사2급 자격증 취득(1차 필기),양산직업학교,24,449890,20,58.8,38.0,07_사회복지 종교,직업상담
164,베이비시터 양성,엘림평생교육원,10,264720,14,63.2,50.0,07_사회복지 종교,베이비시터
165,"직업상담사2급(1,2차)취득",서울특별시서부여성발전센터,40,1028320,17,36.4,43.0,07_사회복지 종교,직업상담
166,직업상담사 2급 자격증 취득(필기+실기),은평여성인력개발센터,45,1156860,20,33.7,40.0,07_사회복지 종교,직업상담
167,"직업상담사 2급 자격증 취득과정(1차,2차 통합)",휴먼평생직업교육학원,45,1156860,18,43.5,42.0,07_사회복지 종교,직업상담
168,직업상담사 2급 자격증 취득(1차+2차)종합반,스카우트부설평생교육원,34,1298250,25,43.8,39.0,07_사회복지 종교,직업상담
169,직업상담사 2급(1차+2차)자격증 취득,종로여성인력개발센터,43,1105440,25,49.0,39.0,07_사회복지 종교,직업상담
170,산모신생아 건강관리사 양성,엘림평생교육원,10,373260,12,56.8,54.0,07_사회복지 종교,건강관리
171,"직업상담사 2급 자격 취득과정(1차필기, 2차실기 통합반)",영남직업능력개발원,47,1523190,20,43.4,39.0,07_사회복지 종교,직업상담
172,직업상담사2급 1차 필기과정,(주)조근혜 부설 대전직업상담사학원,28,706970,15,48.8,35.0,07_사회복지 종교,직업상담
173,원샷원킬! 직업상담사2급 실기대비반,한국이러닝협회,28,166620,500,32.5,,07_사회복지 종교,직업상담
174,원샷원킬! 직업상담사2급 필기대비반,한국이러닝협회,56,303240,500,32.5,51.0,07_사회복지 종교,직업상담
175,원샷원킬! 사회복지사1급 핵심이론+문제풀이,한국이러닝협회,56,459640,500,32.3,46.0,07_사회복지 종교,사회복지
176,Wowpass! 사회복지사 1급(사회복지실천) 완벽 대비반(이론+문제풀이),한국이러닝협회,28,222750,500,32.3,28.0,07_사회복지 종교,사회복지
177,Wowpass! 직업상담사 2급 필기 종합반(이론+문제풀이),한국이러닝협회,56,320760,500,32.5,41.0,07_사회복지 종교,직업상담
178,Wowpass! 직업상담사 2급 실기(필답형 완성반),한국이러닝협회,28,157410,500,32.5,51.0,07_사회복지 종교,직업상담
179,원샷원킬! 직업상담사2급 필기실기 종합반,한국이러닝협회,56,461890,500,32.5,39.0,07_사회복지 종교,직업상담
180,Wowpass! 사회복지사 1급(사회복지정책과제도) 완벽 대비반(이론+문제풀이),한국이러닝협회,56,279180,500,32.3,61.0,07_사회복지 종교,사회복지
181,Wowpass! 사회복지사 1급(사회복지기초) 완벽 대비반(이론+문제풀이),한국이러닝협회,28,151470,500,32.3,39.0,07_사회복지 종교,사회복지
182,아이돌보미 양성,엘림평생교육원,10,248840,14,56.8,,07_사회복지 종교,베이비시터
183,직업상담사(1차+2차)자격증,윤성회계캐드컴퓨터학원,50,1285400,20,33.3,33.0,07_사회복지 종교,직업상담
184,아이돌보미 양성,엘림평생교육원,10,248840,14,56.8,52.0,07_사회복지 종교,베이비시터
185,직업상담사2급 자격(1차 필기),부산예일직업전문학교,26,655550,20,34.1,34.0,07_사회복지 종교,직업상담
186,직업상담사2급 1차 필기과정,(주)조근혜 부설 대전직업상담사학원,28,706970,15,48.8,38.0,07_사회복지 종교,직업상담
187,직업상담사2급 취득,주경야독 직업전문학교,43,1388230,30,45.7,38.0,07_사회복지 종교,직업상담
188,직업상담사2급 자격증,새동아직업전문학교,34,796940,20,48.3,39.0,07_사회복지 종교,직업상담
189,(과정평가형자격)직업상담사2급취득과정,현대직업전문학교,89,3603430,20,49.1,39.0,07_사회복지 종교,직업상담
190,직업상담사2급 자격 취득과정,송파여성인력개발센터,36,925480,23,40.2,44.0,07_사회복지 종교,직업상담
191,"직업상담사2급 자격 취득과정(1,2차 통합)",(주)이룸리더십연구원 이룸리더십학원,45,1156860,20,33.3,36.0,07_사회복지 종교,직업상담
192,"직업상담사 2급 자격증 취득과정(1차,2차 통합)",휴먼평생직업교육학원,45,1156860,18,43.5,39.0,07_사회복지 종교,직업상담
193,[과정평가형] 2020년 직업상담사2급 자격증취득과정,인지어스평생교육원,69,2793670,20,52.1,37.0,07_사회복지 종교,직업상담
194,[전직지원] 생애설계 심화과정,인지어스평생교육원,14,257080,20,52.1,53.0,07_사회복지 종교,전직지원
195,베이비시터 양성,엘림평생교육원,10,264720,14,63.2,,07_사회복지 종교,베이비시터
196,직업상담사 실무과정,(주)조근혜 부설 대전직업상담사학원,16,385620,15,48.8,42.0,07_사회복지 종교,직업상담
197,산모신생아 건강관리사 양성,엘림평생교육원,15,373260,12,56.8,,07_사회복지 종교,건강관리
198,직업상담사2급 자격증 취득과정,미토직업전문학교,30,771240,20,35.5,41.0,07_사회복지 종교,직업상담
199,직업상담사2급 취득(필기+실기),성남여성인력개발센터,34,899780,20,30.0,41.0,07_사회복지 종교,직업상담
200,베이비시터 양성,엘림평생교육원,10,264720,14,63.2,54.0,07_사회복지 종교,베이비시터
201,직업상담사2급 자격(1차 필기),부산예일직업전문학교,21,655550,20,34.1,37.0,07_사회복지 종교,직업상담
202,Wowpass! 사회복지사 1급(사회복지기초) 완벽 대비반(이론+문제풀이),한국이러닝협회,28,151470,500,32.3,26.0,07_사회복지 종교,사회복지
203,직업상담사2급 자격증취득(1차+2차),이젠컴퓨터아트서비스학원,50,1285400,10,31.3,34.0,07_사회복지 종교,직업상담
204,Wowpass! 직업상담사 2급 실기(필답형 완성반),한국이러닝협회,28,157410,500,32.5,42.0,07_사회복지 종교,직업상담
205,원샷원킬! 직업상담사2급 필기실기 종합반,한국이러닝협회,56,461890,500,32.5,34.0,07_사회복지 종교,직업상담
206,원샷원킬! 직업상담사2급 실기대비반,한국이러닝협회,28,166620,500,32.5,41.0,07_사회복지 종교,직업상담
207,Wowpass! 사회복지사 1급(사회복지정책과제도) 완벽 대비반(이론+문제풀이),한국이러닝협회,56,279180,500,32.3,45.0,07_사회복지 종교,사회복지
208,Wowpass! 사회복지사 1급(사회복지실천) 완벽 대비반(이론+문제풀이),한국이러닝협회,28,222750,500,32.3,26.0,07_사회복지 종교,사회복지
209,원샷원킬! 직업상담사2급 필기대비반,한국이러닝협회,56,303240,500,32.5,30.0,07_사회복지 종교,직업상담
210,원샷원킬! 사회복지사1급 핵심이론+문제풀이,한국이러닝협회,56,459640,500,32.3,40.0,07_사회복지 종교,사회복지
211,Wowpass! 직업상담사 2급 필기 종합반(이론+문제풀이),한국이러닝협회,56,320760,500,32.5,44.0,07_사회복지 종교,직업상담
212,직업상담사 2급 취득(1차/2차),중앙직업전문학교,50,1285400,20,46.7,,07_사회복지 종교,직업상담
213,"직업상담사 2급 자격증 취득과정(필기, 실기)",다산직업전문학교,50,1285400,20,38.6,33.0,07_사회복지 종교,직업상담
214,[과정평가형] 직업상담사2급 자격증 취득,은평여성인력개발센터,79,3205300,22,33.7,43.0,07_사회복지 종교,직업상담
215,직업상담사2급 자격증,새동아직업전문학교,31,796940,20,48.3,35.0,07_사회복지 종교,직업상담
216,아이돌보미 양성,엘림평생교육원,10,248840,14,56.8,58.0,07_사회복지 종교,베이비시터
217,NCS직업상담실무과정(직업상담사2급2차 실기),안양여성인력개발센터,13,480750,17,40.2,38.0,07_사회복지 종교,직업상담
218,"직업상담사 2급 자격 취득(1,2차 통합)",(재)대구직업전문학교,40,1285400,20,40.0,36.0,07_사회복지 종교,직업상담
219,[2020 과정평가형 자격]직업상담사2급 자격증취득,서초여성인력개발센터,58,2834160,20,51.4,41.0,07_사회복지 종교,직업상담
220,2020직업상담사2급취득(1차+2차),원스톱직업학원,45,1156860,28,35.5,36.0,07_사회복지 종교,직업상담
221,산모신생아 건강관리사 양성,엘림평생교육원,10,373260,12,56.8,54.0,07_사회복지 종교,건강관리
222,직업상담사 2급 한번에 끝내기 실기 과정,(사)한국디지털컨버전스협회,28,184140,500,29.3,,07_사회복지 종교,직업상담
223,원샷원킬! 직업상담사2급 필기대비반,한국이러닝협회,56,303240,500,32.5,,07_사회복지 종교,직업상담
224,Wowpass! 사회복지사 1급(사회복지실천) 완벽 대비반(이론+문제풀이),한국이러닝협회,28,222750,500,32.3,52.0,07_사회복지 종교,사회복지
225,Wowpass! 직업상담사 2급 필기 종합반(이론+문제풀이),한국이러닝협회,56,320760,500,32.5,43.0,07_사회복지 종교,직업상담
226,원샷원킬! 사회복지사1급 핵심이론+문제풀이,한국이러닝협회,56,459640,500,32.3,43.0,07_사회복지 종교,사회복지
227,원샷원킬! 직업상담사2급 필기실기 종합반,한국이러닝협회,56,461890,500,32.5,48.0,07_사회복지 종교,직업상담
228,Wowpass! 직업상담사 2급 실기(필답형 완성반),한국이러닝협회,28,157410,500,32.5,,07_사회복지 종교,직업상담
229,원샷원킬! 직업상담사2급 실기대비반,한국이러닝협회,28,166620,500,32.5,,07_사회복지 종교,직업상담
230,Wowpass! 사회복지사 1급(사회복지정책과제도) 완벽 대비반(이론+문제풀이),한국이러닝협회,56,279180,500,32.3,41.0,07_사회복지 종교,사회복지
231,Wowpass! 사회복지사 1급(사회복지기초) 완벽 대비반(이론+문제풀이),한국이러닝협회,28,151470,500,32.3,36.0,07_사회복지 종교,사회복지
232,직업상담사2급 자격증 취득과정(이론+실기),에듀인능력개발원,40,1028320,20,36.5,41.0,07_사회복지 종교,직업상담
233,베이비시터 양성,엘림평생교육원,10,264720,14,63.2,57.0,07_사회복지 종교,베이비시터
234,아이돌보미 양성,엘림평생교육원,10,248840,14,56.8,,07_사회복지 종교,베이비시터
235,직업상담사2급 1차 필기과정,(주)조근혜 부설 대전직업상담사학원,28,706970,15,48.8,31.0,07_사회복지 종교,직업상담
236,베이비시터 양성,엘림평생교육원,10,264720,14,63.2,54.0,07_사회복지 종교,베이비시터
237,직업상담사 2급 자격증 취득과정(필기/실기),강서여성인력개발센터,50,1285400,20,40.0,41.0,07_사회복지 종교,직업상담
238,직업상담사 2급(1차+2차)자격증 취득,종로여성인력개발센터,43,1105440,25,49.0,36.0,07_사회복지 종교,직업상담
239,아이돌보미 양성,엘림평생교육원,10,248840,14,56.8,55.0,07_사회복지 종교,베이비시터
240,Wowpass! 직업상담사 2급 필기 종합반(이론+문제풀이),한국이러닝협회,56,320760,500,32.5,40.0,07_사회복지 종교,직업상담
241,Wowpass! 사회복지사 1급(사회복지정책과제도) 완벽 대비반(이론+문제풀이),한국이러닝협회,56,279180,500,32.3,45.0,07_사회복지 종교,사회복지
242,원샷원킬! 사회복지사1급 핵심이론+문제풀이,한국이러닝협회,56,459640,500,32.3,39.0,07_사회복지 종교,사회복지
243,직업상담사 2급 한번에 끝내기 실기 과정,(사)한국디지털컨버전스협회,28,184140,500,29.3,59.0,07_사회복지 종교,직업상담
244,Wowpass! 사회복지사 1급(사회복지기초) 완벽 대비반(이론+문제풀이),한국이러닝협회,28,151470,500,32.3,,07_사회복지 종교,사회복지
245,Wowpass! 사회복지사 1급(사회복지실천) 완벽 대비반(이론+문제풀이),한국이러닝협회,28,222750,500,32.3,61.0,07_사회복지 종교,사회복지
246,Wowpass! 직업상담사 2급 실기(필답형 완성반),한국이러닝협회,28,157410,500,32.5,41.0,07_사회복지 종교,직업상담
247,"직업상담사 2급 국가기술자격 취득 과정(1,2차 통합)",씨앤씨직업상담학원,42,1079730,21,40.0,34.0,07_사회복지 종교,직업상담
248,직업상담사 2급 취득(1차/2차),중앙직업전문학교,50,1285400,20,46.7,38.0,07_사회복지 종교,직업상담
249,"직업상담사2급자격증취득과정(1차,2차)",현대직업전문학교,70,1349670,20,49.1,32.0,07_사회복지 종교,직업상담
250,2020년 과정평가형자격 직업상담사 2급,스카우트부설평생교육원,70,3036600,25,43.8,37.0,07_사회복지 종교,직업상담
251,"직업상담사2급 자격 취득과정(1,2차 통합)",(주)이룸리더십연구원 이룸리더십학원,45,1156860,20,33.3,40.0,07_사회복지 종교,직업상담
252,"직업상담사 2급 자격증 취득과정(1차,2차 통합)",휴먼평생직업교육학원,45,1156860,18,43.5,47.0,07_사회복지 종교,직업상담
253,직업상담사2급 자격(2차 실기),부산예일직업전문학교,26,655550,20,34.1,34.0,07_사회복지 종교,직업상담
254,직업상담사2급 실기과정,(주)조근혜 부설 대전직업상담사학원,16,398470,15,48.8,33.0,07_사회복지 종교,직업상담
255,산모신생아 건강관리사 양성,엘림평생교육원,10,373260,12,56.8,,07_사회복지 종교,건강관리
256,직업상담사 2급 자격증 취득과정(실기),다산직업전문학교,23,514160,20,38.6,42.0,07_사회복지 종교,직업상담
257,NCS직업상담사 2급 취득반,서울시중부여성발전센터,42,1079730,20,36.4,40.0,07_사회복지 종교,직업상담
258,직업상담사2급 자격(2차 실기),부산예일직업전문학교,26,655550,20,34.1,35.0,07_사회복지 종교,직업상담
259,직업상담사2급 실기과정,(주)조근혜 부설 대전직업상담사학원,18,398470,15,48.8,36.0,07_사회복지 종교,직업상담
260,직업상담사2급 자격증 취득과정(이론+실기),에듀인능력개발원,40,1028320,20,36.5,35.0,07_사회복지 종교,직업상담
261,(2020과정평가형)직업상담사2급,원스톱직업학원,100,4048800,28,35.5,42.0,07_사회복지 종교,직업상담
262,직업상담사2급 자격 취득과정,천안여성인력개발센터,36,925480,24,35.2,41.0,07_사회복지 종교,직업상담
263,직업상담사 양성과정(자격증취득),미토직업전문학교,50,1285400,24,35.5,36.0,07_사회복지 종교,직업상담
264,"직업상담사2급 자격증 취득(2차,실기)",(주)한양능력개발원,19,482020,20,35.1,,07_사회복지 종교,직업상담
265,"직업상담사2급(1차,2차) 자격증 취득",서대문여성인력개발센터,43,1105440,13,43.0,42.0,07_사회복지 종교,직업상담
266,직업상담사2급 실기 자격증,미토직업전문학교,15,385620,20,35.5,39.0,07_사회복지 종교,직업상담
267,베이비시터 양성,엘림평생교육원,10,264720,14,63.2,54.0,07_사회복지 종교,베이비시터
268,"직업상담사2급(1차,2차)취득",이젠컴퓨터아트서비스학원,50,1285400,10,31.3,34.0,07_사회복지 종교,직업상담
269,Wowpass! 사회복지사 1급(사회복지정책과제도) 완벽 대비반(이론+문제풀이),한국이러닝협회,56,279180,500,32.3,,07_사회복지 종교,사회복지
270,Wowpass! 사회복지사 1급(사회복지기초) 완벽 대비반(이론+문제풀이),한국이러닝협회,28,151470,500,32.3,42.0,07_사회복지 종교,사회복지
271,직업상담사 2급 한번에 끝내기 실기 과정,(사)한국디지털컨버전스협회,28,184140,500,29.3,,07_사회복지 종교,직업상담
272,Wowpass! 직업상담사 2급 필기 종합반(이론+문제풀이),한국이러닝협회,56,320760,500,32.5,40.0,07_사회복지 종교,직업상담
273,Wowpass! 직업상담사 2급 실기(필답형 완성반),한국이러닝협회,28,157410,500,32.5,44.0,07_사회복지 종교,직업상담
274,원샷원킬! 사회복지사1급 핵심이론+문제풀이,한국이러닝협회,56,459640,500,32.3,36.0,07_사회복지 종교,사회복지
275,Wowpass! 사회복지사 1급(사회복지실천) 완벽 대비반(이론+문제풀이),한국이러닝협회,28,222750,500,32.3,33.0,07_사회복지 종교,사회복지
276,"직업상담사 2급 자격증 취득과정(필기, 실기)",다산직업전문학교,50,1285400,20,38.6,36.0,07_사회복지 종교,직업상담
277,직업상담사2급 자격증 취득,영등포여성인력개발센터,42,1075200,20,37.5,43.0,07_사회복지 종교,직업상담
278,전직지원 컨설턴트 과정,인지어스평생교육원,36,1156860,20,52.1,42.0,07_사회복지 종교,전직지원
279,NCS직업상담실무과정(직업상담사2급1차 필기),안양여성인력개발센터,16,608950,17,40.2,44.0,07_사회복지 종교,직업상담
280,직업상담사2급자격시험 대비반,안산여성인력개발센터,45,1156860,20,44.2,37.0,07_사회복지 종교,직업상담
281,직업상담사 2급(1차+2차)자격증 취득,종로여성인력개발센터,43,1105440,25,49.0,40.0,07_사회복지 종교,직업상담
282,산모신생아건강관리사 양성과정,(주)부모사랑유씨평생교육원,10,373260,30,57.9,55.0,07_사회복지 종교,건강관리
283,아이돌보미 양성,엘림평생교육원,10,248840,14,56.8,,07_사회복지 종교,베이비시터
284,"【 직업상담사 2급 】 자격증 취득 과정_직상2급 ( 1차 필기, 2차 실기 ) 대비",이젠아카데미컴퓨터학원,50,1285400,20,36.6,45.0,07_사회복지 종교,직업상담
285,"직업상담사 2급 자격증 취득과정 (1차, 2차)",(주)미래산업교육원 북부직업전문학교,50,1285400,20,39.7,41.0,07_사회복지 종교,직업상담
286,직업상담사 2급 자격증취득과정(필기+실기),(주)울산KH정보교육원,59,1542480,20,32.8,38.0,07_사회복지 종교,직업상담
287,아이돌보미 양성,엘림평생교육원,10,248840,14,56.8,57.0,07_사회복지 종교,베이비시터
288,"직업상담사2급 자격증 취득과정(필기,실기)",고양여성인력개발센터,45,1156860,24,24.0,39.0,07_사회복지 종교,직업상담
289,직업상담사2급 자격 취득과정,송파여성인력개발센터,36,925480,23,40.2,41.0,07_사회복지 종교,직업상담
290,"직업상담사2급자격증취득과정(1차,2차)",현대직업전문학교,53,1349670,20,49.1,38.0,07_사회복지 종교,직업상담
291,직업상담사 2급 취득(1차/2차),중앙직업전문학교,50,1285400,20,46.7,34.0,07_사회복지 종교,직업상담
292,직업상담사 2급 한번에 끝내기 실기 과정,(사)한국디지털컨버전스협회,28,184140,500,29.3,54.0,07_사회복지 종교,직업상담
293,Wowpass! 직업상담사 2급 필기 종합반(이론+문제풀이),한국이러닝협회,56,320760,500,32.5,40.0,07_사회복지 종교,직업상담
294,Wowpass! 직업상담사 2급 실기(필답형 완성반),한국이러닝협회,28,157410,500,32.5,42.0,07_사회복지 종교,직업상담
295,원샷원킬! 사회복지사1급 핵심이론+문제풀이,한국이러닝협회,56,459640,500,32.3,41.0,07_사회복지 종교,사회복지
296,"직업상담사 2급 자격 취득과정(1차필기, 2차실기 통합반)",영남직업능력개발원,47,1523190,20,43.4,38.0,07_사회복지 종교,직업상담
297,Wowpass! 사회복지사 1급(사회복지기초) 완벽 대비반(이론+문제풀이),한국이러닝협회,28,151470,500,32.3,,07_사회복지 종교,사회복지
298,Wowpass! 사회복지사 1급(사회복지실천) 완벽 대비반(이론+문제풀이),한국이러닝협회,28,222750,500,32.3,43.0,07_사회복지 종교,사회복지
299,산모신생아 건강관리사 양성,엘림평생교육원,10,373260,12,56.8,51.0,07_사회복지 종교,건강관리
300,Wowpass! 사회복지사 1급(사회복지정책과제도) 완벽 대비반(이론+문제풀이),한국이러닝협회,56,279180,500,32.3,50.0,07_사회복지 종교,사회복지
301,직업상담사 2급 자격증 취득(필기+실기),은평여성인력개발센터,44,1156860,20,33.7,41.0,07_사회복지 종교,직업상담
302,"직업상담사 2급 자격증 취득과정(1차,2차 통합)",휴먼평생직업교육학원,45,1156860,18,43.5,37.0,07_사회복지 종교,직업상담
303,"직업상담사2급(1,2차)취득",서울특별시서부여성발전센터,38,1028320,17,36.4,46.0,07_사회복지 종교,직업상담
304,직업상담사2급 1차 필기과정,(주)조근혜 부설 대전직업상담사학원,26,706970,15,48.8,37.0,07_사회복지 종교,직업상담
305,직업상담사 2급 자격증 취득(1차+2차)종합반,스카우트부설평생교육원,34,1298250,25,43.8,34.0,07_사회복지 종교,직업상담
306,직업상담사2급 자격증,미토직업전문학교,30,771240,20,35.5,36.0,07_사회복지 종교,직업상담
307,직업상담사2급 1차 필기과정,(주)조근혜 부설 대전직업상담사학원,24,706970,15,48.8,39.0,07_사회복지 종교,직업상담
308,"직업상담사 2급 자격 취득(1,2차 통합)",(재)대구직업전문학교,40,1285400,20,40.0,42.0,07_사회복지 종교,직업상담
309,직업상담사(1차+2차)자격증,윤성회계캐드컴퓨터학원,45,1285400,20,33.3,26.0,07_사회복지 종교,직업상담
310,"직업상담사2급 자격 취득과정(1,2차 통합)",(주)이룸리더십연구원 이룸리더십학원,45,1156860,20,33.3,37.0,07_사회복지 종교,직업상담
311,베이비시터 양성,엘림평생교육원,10,264720,14,63.2,54.0,07_사회복지 종교,베이비시터
312,직업상담사2급 자격(1차 필기),부산예일직업전문학교,25,655550,20,34.1,37.0,07_사회복지 종교,직업상담
313,직업상담사2급 자격(1차 필기),부산예일직업전문학교,21,655550,20,34.1,33.0,07_사회복지 종교,직업상담
314,Wowpass! 사회복지사 1급(사회복지정책과제도) 완벽 대비반(이론+문제풀이),한국이러닝협회,56,279180,500,32.3,43.0,07_사회복지 종교,사회복지
315,Wowpass! 사회복지사 1급(사회복지기초) 완벽 대비반(이론+문제풀이),한국이러닝협회,50,151470,500,32.3,21.0,07_사회복지 종교,사회복지
316,Wowpass! 사회복지사 1급(사회복지실천) 완벽 대비반(이론+문제풀이),한국이러닝협회,74,222750,500,32.3,,07_사회복지 종교,사회복지
317,원샷원킬! 사회복지사1급 핵심이론+문제풀이,한국이러닝협회,56,459640,500,32.3,,07_사회복지 종교,사회복지
318,Wowpass! 사회복지사 1급(사회복지실천) 완벽 대비반(이론+문제풀이),한국이러닝협회,28,222750,500,32.3,,07_사회복지 종교,사회복지
319,사회복지사1급 자격증 취득과정(사회복지실천),한국이러닝협회,41,124740,500,32.3,,07_사회복지 종교,사회복지
320,직업상담사 2급 한번에 끝내기 필기 과정,(사)한국디지털컨버전스협회,103,311850,500,29.3,39.0,07_사회복지 종교,직업상담
321,직업상담사2급 자격대비반_필기이론,한국이러닝협회,94,312150,500,32.5,39.0,07_사회복지 종교,직업상담
322,아이돌보미 양성,엘림평생교육원,10,248840,14,56.8,53.0,07_사회복지 종교,베이비시터
323,직업상담사 2급 한번에 끝내기 실기 과정,(사)한국디지털컨버전스협회,28,184140,500,29.3,,07_사회복지 종교,직업상담
324,Wowpass! 직업상담사 2급 필기 종합반(이론+문제풀이),한국이러닝협회,56,320760,500,32.5,35.0,07_사회복지 종교,직업상담
325,Wowpass! 직업상담사 2급 실기(필답형 완성반),한국이러닝협회,28,157410,500,32.5,38.0,07_사회복지 종교,직업상담
326,직업상담사 2급 한번에 끝내기(필기/실기),(사)한국디지털컨버전스협회,164,493020,500,29.3,32.0,07_사회복지 종교,직업상담
327,사회복지사1급 자격증 취득과정(사회복지기초),한국이러닝협회,42,127710,500,32.3,,07_사회복지 종교,사회복지
328,Wowpass! 사회복지사 1급(사회복지기초) 완벽 대비반(이론+문제풀이),한국이러닝협회,28,151470,500,32.3,,07_사회복지 종교,사회복지
329,직업상담사 2급 자격증 취득과정(필기),다산직업전문학교,30,771240,20,38.6,42.0,07_사회복지 종교,직업상담
330,2020직업상담사2급취득(1차+2차),원스톱직업학원,36,1156860,28,35.5,37.0,07_사회복지 종교,직업상담
331,직업상담사2급 자격증 취득과정(이론+실기),에듀인능력개발원,40,1028320,20,36.5,41.0,07_사회복지 종교,직업상담
332,직업상담사 현장실무,서대문여성인력개발센터,16,411320,18,43.0,40.0,07_사회복지 종교,직업상담
333,"직업상담사2급 취득(필기,실기)",북인천직업전문학교,25,893350,13,57.1,44.0,07_사회복지 종교,직업상담
334,사회복지사1급 자격증 취득과정(사회복지실천),한국이러닝협회,41,124740,500,32.3,,07_사회복지 종교,사회복지
335,직업상담사 2급 한번에 끝내기 필기 과정,(사)한국디지털컨버전스협회,103,311850,500,29.3,36.0,07_사회복지 종교,직업상담
336,사회복지사1급 자격증 취득과정(사회복지기초),한국이러닝협회,42,127710,500,32.3,,07_사회복지 종교,사회복지
337,Wowpass! 사회복지사 1급(사회복지실천) 완벽 대비반(이론+문제풀이),한국이러닝협회,74,222750,500,32.3,45.0,07_사회복지 종교,사회복지
338,직업상담사 2급 한번에 끝내기(필기/실기),(사)한국디지털컨버전스협회,164,493020,500,29.3,31.0,07_사회복지 종교,직업상담
339,직업상담사2급 자격대비반_필기이론,한국이러닝협회,94,312150,500,32.5,45.0,07_사회복지 종교,직업상담
340,Wowpass! 사회복지사 1급(사회복지기초) 완벽 대비반(이론+문제풀이),한국이러닝협회,50,151470,500,32.3,41.0,07_사회복지 종교,사회복지
341,직업상담사 2급 한번에 끝내기 실기 과정,(사)한국디지털컨버전스협회,28,184140,500,29.3,,07_사회복지 종교,직업상담
342,베이비시터 양성,엘림평생교육원,10,264720,14,63.2,56.0,07_사회복지 종교,베이비시터
343,아이돌보미 양성,엘림평생교육원,10,248840,14,56.8,57.0,07_사회복지 종교,베이비시터
344,"직업상담사2급(1차,2차)취득",이젠컴퓨터아트서비스학원,50,1285400,10,31.3,31.0,07_사회복지 종교,직업상담
345,직업상담사 2급 한번에 끝내기(필기/실기),(사)한국디지털컨버전스협회,164,493020,500,29.3,34.0,07_사회복지 종교,직업상담
346,사회복지사1급 자격증 취득과정(사회복지기초),한국이러닝협회,42,127710,500,32.3,45.0,07_사회복지 종교,사회복지
347,직업상담사 2급 한번에 끝내기 필기 과정,(사)한국디지털컨버전스협회,103,311850,500,29.3,38.0,07_사회복지 종교,직업상담
348,직업상담사2급 자격대비반_필기이론,한국이러닝협회,94,312150,500,32.5,36.0,07_사회복지 종교,직업상담
349,Wowpass! 사회복지사 1급(사회복지기초) 완벽 대비반(이론+문제풀이),한국이러닝협회,50,151470,500,32.3,,07_사회복지 종교,사회복지
350,Wowpass! 사회복지사 1급(사회복지실천) 완벽 대비반(이론+문제풀이),한국이러닝협회,74,222750,500,32.3,,07_사회복지 종교,사회복지
351,직업상담사 2급 한번에 끝내기 실기 과정,(사)한국디지털컨버전스협회,28,184140,500,29.3,33.0,07_사회복지 종교,직업상담
352,사회복지사1급 자격증 취득과정(사회복지실천),한국이러닝협회,41,124740,500,32.3,,07_사회복지 종교,사회복지
353,아이돌보미 양성,엘림평생교육원,10,248840,14,56.8,,07_사회복지 종교,베이비시터
354,직업상담사 2급 취득(1차/2차),중앙직업전문학교,50,1285400,20,46.7,44.0,07_사회복지 종교,직업상담
355,[과정평가형자격] 직업상담사 취득,주경야독 직업전문학교,57,3036600,20,45.7,38.0,07_사회복지 종교,직업상담
356,전직지원 전문 컨설턴트 과정,휴먼평생직업교육학원,15,385620,15,43.5,45.0,07_사회복지 종교,전직지원
357,베이비시터 양성,엘림평생교육원,10,264720,14,63.2,31.0,07_사회복지 종교,베이비시터
358,직업상담사2급 자격(2차 실기),부산예일직업전문학교,26,655550,20,34.1,37.0,07_사회복지 종교,직업상담
359,직업상담사2급 자격증 취득과정(2차 실기),(주)이룸리더십연구원 이룸리더십학원,20,514160,20,33.3,33.0,07_사회복지 종교,직업상담
360,직업상담사2급 2차 실기과정,(주)조근혜 부설 대전직업상담사학원,20,482020,15,48.8,37.0,07_사회복지 종교,직업상담
361,직업상담사2급 자격(2차 실기),부산예일직업전문학교,26,655550,20,34.1,34.0,07_사회복지 종교,직업상담
362,직업상담사 2급 자격증 취득과정(실기),다산직업전문학교,27,514160,20,38.6,37.0,07_사회복지 종교,직업상담
363,직업상담사2급 취득(필기+실기),성남여성인력개발센터,35,899780,20,30.0,32.0,07_사회복지 종교,직업상담
364,아이돌보미 양성,엘림평생교육원,10,248840,14,56.8,55.0,07_사회복지 종교,베이비시터
365,직업상담사2급 2차 실기과정,(주)조근혜 부설 대전직업상담사학원,20,482020,15,48.8,37.0,07_사회복지 종교,직업상담
366,베이비시터 양성,엘림평생교육원,10,264720,14,63.2,,07_사회복지 종교,베이비시터
367,직업상담사 양성과정(자격증취득),미토직업전문학교,50,1285400,24,35.5,37.0,07_사회복지 종교,직업상담
368,"직업상담사2급(1차,2차)취득",이젠컴퓨터아트서비스학원,50,1285400,10,31.3,30.0,07_사회복지 종교,직업상담
369,직업상담사 2급 한번에 끝내기 필기 과정,(사)한국디지털컨버전스협회,103,311850,500,29.3,43.0,07_사회복지 종교,직업상담
370,사회복지사1급 자격증 취득과정(사회복지실천),한국이러닝협회,41,124740,500,32.3,45.0,07_사회복지 종교,사회복지
371,직업상담사 2급 한번에 끝내기 실기 과정,(사)한국디지털컨버전스협회,28,184140,500,29.3,41.0,07_사회복지 종교,직업상담
372,직업상담사 2급 한번에 끝내기(필기/실기),(사)한국디지털컨버전스협회,164,493020,500,29.3,36.0,07_사회복지 종교,직업상담
373,직업상담사2급 자격대비반_필기이론,한국이러닝협회,94,312150,500,32.5,,07_사회복지 종교,직업상담
374,사회복지사1급 자격증 취득과정(사회복지기초),한국이러닝협회,42,127710,500,32.3,43.0,07_사회복지 종교,사회복지
375,직업상담사 2급_과정평가형자격,새동아직업전문학교,58,2699200,20,48.3,35.0,07_사회복지 종교,직업상담
376,산모신생아 건강관리사 양성,엘림평생교육원,15,373260,12,56.8,,07_사회복지 종교,건강관리
377,직업상담사2급 자격증,미토직업전문학교,35,771240,20,35.5,43.0,07_사회복지 종교,직업상담
378,직업상담사2급 자격증 취득과정(이론+실기),에듀인능력개발원,40,1028320,20,36.5,38.0,07_사회복지 종교,직업상담
379,"직업상담사2급 자격증취득과정(1차,2차)",관악여성인력개발센터,35,893350,12,41.7,38.0,07_사회복지 종교,직업상담
380,직업상담사 2급 자격증 취득과정(실기),다산직업전문학교,20,514160,20,38.6,,07_사회복지 종교,직업상담
381,산모신생아 건강관리사 양성,엘림평생교육원,10,373260,12,56.8,55.0,07_사회복지 종교,건강관리
382,베이비시터 양성,엘림평생교육원,10,264720,14,63.2,55.0,07_사회복지 종교,베이비시터
383,직업상담사 2급 자격증 취득과정(실기),다산직업전문학교,20,514160,20,38.6,37.0,07_사회복지 종교,직업상담
384,NCS직업상담사2급 자격증 취득과정 (2차 실기),안양여성인력개발센터,13,480750,17,40.2,44.0,07_사회복지 종교,직업상담
385,직업상담사2급 자격 취득과정,천안여성인력개발센터,36,925480,24,35.2,37.0,07_사회복지 종교,직업상담
386,[과정평가형] 직업상담사2급 자격증 취득과정,(주)미래산업교육원 북부직업전문학교,77,3036600,20,39.7,35.0,07_사회복지 종교,직업상담
387,"직업상담사 2급 자격증 취득과정(1차,2차 통합)",휴먼평생직업교육학원,45,1156860,18,43.5,34.0,07_사회복지 종교,직업상담
388,사회복지사1급 자격증 취득과정(사회복지실천),한국이러닝협회,41,124740,500,32.3,38.0,07_사회복지 종교,사회복지
389,직업상담사2급 자격대비반_필기이론,한국이러닝협회,94,312150,500,32.5,44.0,07_사회복지 종교,직업상담
390,사회복지사1급 자격증 취득과정(사회복지기초),한국이러닝협회,42,127710,500,32.3,53.0,07_사회복지 종교,사회복지
391,와우패스! 직업상담사 2급 실기 종합반(이론+문제풀이),한국이러닝협회,28,204930,500,32.5,40.0,07_사회복지 종교,직업상담
392,직업상담사 2급 한번에 끝내기(필기/실기),(사)한국디지털컨버전스협회,164,493020,500,29.3,35.0,07_사회복지 종교,직업상담
393,직업상담사 2급 자격증 취득 (필기/실기),(재)대구직업전문학교,44,1413940,20,40.0,34.0,07_사회복지 종교,직업상담
394,직업상담사 2급 한번에 끝내기 필기 과정,(사)한국디지털컨버전스협회,103,311850,500,29.3,29.0,07_사회복지 종교,직업상담
395,직업상담사 2급 한번에 끝내기 실기 과정,(사)한국디지털컨버전스협회,28,184140,500,29.3,47.0,07_사회복지 종교,직업상담
396,사회복지사1급 자격대비반_핵심이론+문제풀이,한국이러닝협회,56,344030,500,32.3,39.0,07_사회복지 종교,사회복지
397,"직업상담사2급자격증취득과정(1차,2차)",현대직업전문학교,69,1349670,20,49.1,37.0,07_사회복지 종교,직업상담
398,[과정평가형]직업상담사2급,울산직업전문학교,90,4048800,24,30.0,40.0,07_사회복지 종교,직업상담
399,직업상담사2급 자격 취득과정,송파여성인력개발센터,36,925480,23,40.2,38.0,07_사회복지 종교,직업상담
400,"직업상담사2급 취득(필기,실기)",북인천직업전문학교,35,893350,13,57.1,36.0,07_사회복지 종교,직업상담
401,직업상담사2급 (2차)취득과정,씨앤씨직업상담학원,11,411320,21,40.0,33.0,07_사회복지 종교,직업상담
402,직업상담사 2급 한번에 끝내기 실기 과정,(사)한국디지털컨버전스협회,28,184140,500,29.3,,07_사회복지 종교,직업상담
403,와우패스! 직업상담사 2급 실기 종합반(이론+문제풀이),한국이러닝협회,28,204930,500,32.5,40.0,07_사회복지 종교,직업상담
404,사회복지사1급 자격대비반_핵심이론+문제풀이,한국이러닝협회,56,344030,500,32.3,37.0,07_사회복지 종교,사회복지
405,사회복지사1급 자격증 취득과정(사회복지실천),한국이러닝협회,41,124740,500,32.3,46.0,07_사회복지 종교,사회복지
406,직업상담사 2급 한번에 끝내기(필기/실기),(사)한국디지털컨버전스협회,164,493020,500,29.3,30.0,07_사회복지 종교,직업상담
407,사회복지사1급 자격증 취득과정(사회복지기초),한국이러닝협회,42,127710,500,32.3,32.0,07_사회복지 종교,사회복지
408,직업상담사 2급 한번에 끝내기 필기 과정,(사)한국디지털컨버전스협회,103,311850,500,29.3,51.0,07_사회복지 종교,직업상담
409,직업상담사2급 자격대비반_필기이론,한국이러닝협회,94,312150,500,32.5,55.0,07_사회복지 종교,직업상담
410,아이돌보미 양성,엘림평생교육원,10,248840,14,56.8,55.0,07_사회복지 종교,베이비시터
411,베이비시터 양성,엘림평생교육원,10,264720,14,63.2,56.0,07_사회복지 종교,베이비시터
412,(2020)직업상담사2급취득(1차+2차),원스톱직업학원,45,1156860,28,35.5,36.0,07_사회복지 종교,직업상담
413,직업상담사 2급 자격증 취득과정(필기+실기),대한직업평생교육원,32,1028320,20,43.2,37.0,07_사회복지 종교,직업상담
414,직업상담사2급 2차 실기과정,(주)조근혜 부설 대전직업상담사학원,20,482020,15,48.8,31.0,07_사회복지 종교,직업상담
415,직업상담사2급 필기과정,(주)조근혜 부설 대전직업상담사학원,33,771240,15,48.8,37.0,07_사회복지 종교,직업상담
416,"직업상담사2급 자격증 취득과정(1,2차 통합)",(주)이룸리더십연구원 이룸리더십학원,45,1156860,20,33.3,48.0,07_사회복지 종교,직업상담
417,직업상담사2급 자격(1차 필기),부산예일직업전문학교,26,655550,20,34.1,36.0,07_사회복지 종교,직업상담
418,"직업상담사2급 1차,2차(필기,실기) 취득",서대문여성인력개발센터,43,1105440,20,43.0,42.0,07_사회복지 종교,직업상담
419,직업상담사 2급 취득(1차/2차),중앙직업전문학교,50,1285400,20,46.7,34.0,07_사회복지 종교,직업상담
420,직업상담사 2급 한번에 끝내기 실기 과정,(사)한국디지털컨버전스협회,28,184140,500,29.3,49.0,07_사회복지 종교,직업상담
421,사회복지사1급 자격대비반_핵심이론+문제풀이,한국이러닝협회,56,344030,500,32.3,44.0,07_사회복지 종교,사회복지
422,직업상담사 2급 한번에 끝내기(필기/실기),(사)한국디지털컨버전스협회,164,493020,500,29.3,43.0,07_사회복지 종교,직업상담
423,직업상담사2급 자격대비반_필기이론,한국이러닝협회,94,312150,500,32.5,39.0,07_사회복지 종교,직업상담
424,사회복지사1급 자격증 취득과정(사회복지기초),한국이러닝협회,42,127710,500,32.3,34.0,07_사회복지 종교,사회복지
425,사회복지사1급 자격증 취득과정(사회복지실천),한국이러닝협회,41,124740,500,32.3,,07_사회복지 종교,사회복지
426,직업상담사 2급 한번에 끝내기 필기 과정,(사)한국디지털컨버전스협회,103,311850,500,29.3,38.0,07_사회복지 종교,직업상담
427,와우패스! 직업상담사 2급 실기 종합반(이론+문제풀이),한국이러닝협회,28,204930,500,32.5,37.0,07_사회복지 종교,직업상담
428,(2020)직업상담사취업상담전문가,원스톱직업학원,20,514160,28,35.5,39.0,07_사회복지 종교,직업상담
429,직업상담사 2급 자격증취득과정(필기+실기),(주)울산KH정보교육원,53,1542480,20,32.8,39.0,07_사회복지 종교,직업상담
430,직업상담사 2급 자격증 취득과정(과정평가형),다산직업전문학교,67,2699200,20,38.6,39.0,07_사회복지 종교,직업상담
431,직업상담사2급 자격증 취득(1차 필기),양산직업학교,24,449890,20,58.8,46.0,07_사회복지 종교,직업상담
432,"직업상담사2급 자격 취득과정( 필기, 실기 통합반 )",영남직업능력개발원,47,1510340,20,43.4,39.0,07_사회복지 종교,직업상담
433,NCS직업상담실무과정(직업상담사2급1차 필기),안양여성인력개발센터,17,642600,17,40.2,41.0,07_사회복지 종교,직업상담
434,산모신생아 건강관리사 양성,엘림평생교육원,10,373260,12,56.8,51.0,07_사회복지 종교,건강관리
435,베이비시터 양성,엘림평생교육원,10,264720,14,63.2,56.0,07_사회복지 종교,베이비시터
436,직업상담사2급 자격증 취득과정(이론+실기),에듀인능력개발원,42,1028320,20,36.5,32.0,07_사회복지 종교,직업상담
437,직업상담사2급 취득(1차+2차),중랑여성인력개발센터,46,1182560,20,30.4,38.0,07_사회복지 종교,직업상담
438,직업상담사 2급 자격증 취득(필기+실기),은평여성인력개발센터,45,1156860,20,33.7,42.0,07_사회복지 종교,직업상담
439,직업상담사2급 자격증 취득,영등포여성인력개발센터,42,1078560,20,37.5,46.0,07_사회복지 종교,직업상담
440,사회복지사1급 자격증 취득과정(사회복지실천),한국이러닝협회,41,124740,500,32.3,49.0,07_사회복지 종교,사회복지
441,직업상담사 2급 한번에 끝내기 필기 과정,(사)한국디지털컨버전스협회,103,311850,500,29.3,39.0,07_사회복지 종교,직업상담
442,직업상담사 2급 한번에 끝내기 실기 과정,(사)한국디지털컨버전스협회,28,184140,500,29.3,39.0,07_사회복지 종교,직업상담
443,직업상담사 2급 한번에 끝내기(필기/실기),(사)한국디지털컨버전스협회,164,493020,500,29.3,42.0,07_사회복지 종교,직업상담
444,사회복지사1급 자격대비반_핵심이론+문제풀이,한국이러닝협회,56,344030,500,32.3,41.0,07_사회복지 종교,사회복지
445,와우패스! 직업상담사 2급 실기 종합반(이론+문제풀이),한국이러닝협회,28,204930,500,32.5,,07_사회복지 종교,직업상담
446,직업상담사2급 자격대비반_필기이론,한국이러닝협회,94,312150,500,32.5,38.0,07_사회복지 종교,직업상담
447,사회복지사1급 자격증 취득과정(사회복지기초),한국이러닝협회,42,127710,500,32.3,58.0,07_사회복지 종교,사회복지
448,아이돌보미 양성,엘림평생교육원,10,248840,14,56.8,55.0,07_사회복지 종교,베이비시터
449,직업상담실무자 양성과정,서울특별시서부여성발전센터,25,642700,20,36.4,43.0,07_사회복지 종교,직업상담
450,"직업상담사2급 1,2차 통합과정",(주)이룸리더십연구원 이룸리더십학원,45,1156860,20,33.3,40.0,07_사회복지 종교,직업상담
451,직업상담사 2급 자격증 취득(1차+2차)종합반,스카우트부설평생교육원,34,1298250,25,43.8,42.0,07_사회복지 종교,직업상담
452,"직업상담사2급(1차,2차)취득",이젠컴퓨터아트서비스학원,50,1285400,10,31.3,38.0,07_사회복지 종교,직업상담
453,산모신생아 건강관리사 양성,엘림평생교육원,10,373260,12,56.8,54.0,07_사회복지 종교,건강관리
454,"직업상담사2급자격증취득과정(1차,2차)",현대직업전문학교,53,1349670,20,49.1,38.0,07_사회복지 종교,직업상담
455,"직업상담사 2급 자격증 취득과정(1차,2차 통합)",휴먼평생직업교육학원,45,1156860,18,43.5,38.0,07_사회복지 종교,직업상담
456,직업상담사 2급 자격증 취득과정 (1차+2차),종로여성인력개발센터,46,1195420,25,49.0,45.0,07_사회복지 종교,직업상담
457,산모신생아건강관리사 양성과정,(주)부모사랑유씨평생교육원,10,373260,30,57.9,54.0,07_사회복지 종교,건강관리
458,"직업상담사 2급 자격증 취득과정(1차,2차 통합)",휴먼평생직업교육학원,60,1156860,18,43.5,,07_사회복지 종교,직업상담
459,직업상담사2급 (1차),(주)미래산업교육원 북부직업전문학교,40,771240,20,39.7,,07_사회복지 종교,직업상담
460,직업상담 강사양성,서울시중부여성발전센터,13,501300,20,36.4,45.0,07_사회복지 종교,직업상담
461,베이비시터 양성,엘림평생교육원,10,264720,14,63.2,52.0,07_사회복지 종교,베이비시터
462,사회복지사1급 자격대비반_핵심이론+문제풀이,한국이러닝협회,56,344030,500,32.3,46.0,07_사회복지 종교,사회복지
463,와우패스! 직업상담사 2급 필기 종합반(이론+문제풀이),한국이러닝협회,56,389070,500,32.5,,07_사회복지 종교,직업상담
464,직업상담사 2급 한번에 끝내기(필기/실기),(사)한국디지털컨버전스협회,164,493020,500,29.3,,07_사회복지 종교,직업상담
465,직업상담사2급 자격대비반_필기이론,한국이러닝협회,94,312150,500,32.5,30.0,07_사회복지 종교,직업상담
466,직업상담사 2급 자격증 취득과정(필기/실기),강서여성인력개발센터,50,1285400,20,40.0,42.0,07_사회복지 종교,직업상담
467,와우패스! 직업상담사 2급 실기 종합반(이론+문제풀이),한국이러닝협회,28,204930,500,32.5,,07_사회복지 종교,직업상담
468,epass 사회복지사 1급,한국이러닝협회,56,291060,500,32.3,,07_사회복지 종교,사회복지
469,직업상담사 2급 한번에 끝내기 필기 과정,(사)한국디지털컨버전스협회,103,311850,500,29.3,,07_사회복지 종교,직업상담
470,사회복지사1급 자격증 취득과정(사회복지기초),한국이러닝협회,42,127710,500,32.3,29.0,07_사회복지 종교,사회복지
471,직업상담사 2급 한번에 끝내기 실기 과정,(사)한국디지털컨버전스협회,28,184140,500,29.3,,07_사회복지 종교,직업상담
472,사회복지사1급 자격증 취득과정(사회복지실천),한국이러닝협회,41,124740,500,32.3,,07_사회복지 종교,사회복지
473,(2020)직업상담사취업상담전문가,원스톱직업학원,20,514160,28,35.5,,07_사회복지 종교,직업상담
474,직업상담사2급 자격증 취득과정(이론+실기),에듀인능력개발원,53,1028320,20,36.5,30.0,07_사회복지 종교,직업상담
475,"직업상담사 2급 국가기술자격 취득 과정(1,2차 통합)",씨앤씨직업상담학원,42,1079730,21,40.0,,07_사회복지 종교,직업상담
476,"직업상담사2급 자격증취득과정(1차,2차)",관악여성인력개발센터,35,893350,12,41.7,,07_사회복지 종교,직업상담
477,"직업상담사2급 취득(필기,실기)",북인천직업전문학교,35,893350,13,57.1,40.0,07_사회복지 종교,직업상담
478,직업상담사2급 자격증,미토직업전문학교,40,771240,20,35.5,37.0,07_사회복지 종교,직업상담
479,아이돌보미 양성,엘림평생교육원,10,248840,14,56.8,58.0,07_사회복지 종교,베이비시터
480,직업상담사2급 자격(2차 실기),부산예일직업전문학교,26,655550,20,34.1,37.0,07_사회복지 종교,직업상담
481,"직업상담사2급(1차,2차)취득",이젠컴퓨터아트서비스학원,50,1285400,10,31.3,,07_사회복지 종교,직업상담
482,베이비시터 양성,엘림평생교육원,10,264720,14,63.2,49.0,07_사회복지 종교,베이비시터
483,산모신생아 건강관리사 양성,엘림평생교육원,15,373260,12,56.8,44.0,07_사회복지 종교,건강관리
484,(NCS기반 직업상담) 전직지원 전문가 양성과정,씨앤씨직업상담학원,45,1156860,21,40.0,,07_사회복지 종교,직업상담
485,직업상담사2급 1차 필기과정,(주)조근혜 부설 대전직업상담사학원,28,706970,15,48.8,,07_사회복지 종교,직업상담
486,창업 및 창직준비 과정,휴먼평생직업교육학원,12,308490,18,43.5,,07_사회복지 종교,
487,직업상담사2급 자격증,미토직업전문학교,40,771240,20,35.5,,07_사회복지 종교,직업상담
488,직업상담사2급자격시험 대비반,안산여성인력개발센터,45,1156860,20,44.2,50.0,07_사회복지 종교,직업상담
489,사회복지사1급 자격증 취득과정(사회복지기초),한국이러닝협회,42,127710,500,32.3,,07_사회복지 종교,사회복지
490,사회복지사1급 자격대비반_핵심이론+문제풀이,한국이러닝협회,56,344030,500,32.3,,07_사회복지 종교,사회복지
491,사회복지사1급 자격증 취득과정(사회복지실천),한국이러닝협회,41,124740,500,32.3,,07_사회복지 종교,사회복지
492,와우패스! 직업상담사 2급 실기 종합반(이론+문제풀이),한국이러닝협회,28,204930,500,32.5,,07_사회복지 종교,직업상담
493,직업상담사2급 자격대비반_필기이론,한국이러닝협회,94,312150,500,32.5,,07_사회복지 종교,직업상담
494,(2020)직업상담사2급취득(1차+2차),원스톱직업학원,45,1156860,28,35.5,36.0,07_사회복지 종교,직업상담
495,직업상담사2급 자격(1차 필기),부산예일직업전문학교,26,655550,20,34.1,46.0,07_사회복지 종교,직업상담
496,"직업상담사2급 자격 취득과정( 필기, 실기 통합반 )",영남직업능력개발원,47,1510340,20,43.4,,07_사회복지 종교,직업상담
497,직업상담사 2급 자격증 취득 (필기/실기),(재)대구직업전문학교,44,1413940,20,40.0,,07_사회복지 종교,직업상담
498,직업상담사 현장실무,서대문여성인력개발센터,16,411320,18,43.0,41.0,07_사회복지 종교,직업상담
499,직업상담사2급 자격 취득과정,송파여성인력개발센터,36,925480,23,40.2,,07_사회복지 종교,직업상담
500,아이돌보미 양성,엘림평생교육원,10,248840,14,56.8,,07_사회복지 종교,베이비시터
501,베이비시터 양성,엘림평생교육원,10,264720,14,63.2,,07_사회복지 종교,베이비시터
502,"직업상담사2급 1차,2차(필기,실기) 취득",서대문여성인력개발센터,43,1105440,20,43.0,48.0,07_사회복지 종교,직업상담
503,직업상담사2급 자격증 취득(1차 필기),양산직업학교,24,449890,20,58.8,,07_사회복지 종교,직업상담
504,직업상담사2급 자격 취득과정,천안여성인력개발센터,36,925480,24,35.2,49.0,07_사회복지 종교,직업상담
505,사회복지사1급 자격대비반_핵심이론+문제풀이,한국이러닝협회,56,344030,500,32.3,,07_사회복지 종교,사회복지
506,직업상담사2급 자격대비반_필기이론,한국이러닝협회,94,312150,500,32.5,,07_사회복지 종교,직업상담
507,와우패스! 직업상담사 2급 실기 종합반(이론+문제풀이),한국이러닝협회,28,204930,500,32.5,,07_사회복지 종교,직업상담
508,"직업상담사 2급 자격증 취득과정(1차,2차 통합)",휴먼평생직업교육학원,45,1156860,18,43.5,,07_사회복지 종교,직업상담
509,사회복지사1급 자격증 취득과정(사회복지기초),한국이러닝협회,42,127710,500,32.3,,07_사회복지 종교,사회복지
510,사회복지사1급 자격증 취득과정(사회복지실천),한국이러닝협회,41,124740,500,32.3,,07_사회복지 종교,사회복지
511,(2020)직업상담사2급취득(1차+2차),원스톱직업학원,45,1156860,28,35.5,,07_사회복지 종교,직업상담
512,직업상담사 2급 자격증 취득과정 (1차+2차),종로여성인력개발센터,46,1195420,25,49.0,,07_사회복지 종교,직업상담
513,직업상담사 2급 취득(필기+실기),주경야독 직업전문학교,40,1285400,15,45.7,34.0,07_사회복지 종교,직업상담
514,직업상담사2급 자격증 취득(필기+실기),서초여성인력개발센터,40,1028320,24,51.4,,07_사회복지 종교,직업상담
515,직업상담사(1차+2차)자격증,윤성회계캐드컴퓨터학원,40,1285400,20,33.3,,07_사회복지 종교,직업상담
516,베이비시터 양성,엘림평생교육원,10,264720,14,63.2,,07_사회복지 종교,베이비시터
517,"직업상담사2급 자격증 취득과정(1,2차 통합)",(주)이룸리더십연구원 이룸리더십학원,45,1156860,20,33.3,49.0,07_사회복지 종교,직업상담
518,아이돌보미 양성,엘림평생교육원,10,248840,14,56.8,,07_사회복지 종교,베이비시터
519,직업상담사2급 자격증 취득,영등포여성인력개발센터,42,1078560,20,37.5,,07_사회복지 종교,직업상담
520,직업상담사2급 자격증 취득과정(이론+실기),에듀인능력개발원,53,1028320,20,36.5,,07_사회복지 종교,직업상담
521,사회복지사1급 자격증 취득과정(사회복지기초),한국이러닝협회,42,127710,500,32.3,,07_사회복지 종교,사회복지
522,사회복지사1급 자격대비반_핵심이론+문제풀이,한국이러닝협회,56,344030,500,32.3,,07_사회복지 종교,사회복지
523,와우패스! 직업상담사 2급 실기 종합반(이론+문제풀이),한국이러닝협회,28,204930,500,32.5,,07_사회복지 종교,직업상담
524,사회복지사1급 자격증 취득과정(사회복지실천),한국이러닝협회,41,124740,500,32.3,,07_사회복지 종교,사회복지
525,직업상담사2급 자격대비반_필기이론,한국이러닝협회,94,312150,500,32.5,,07_사회복지 종교,직업상담
526,직업상담사 현장실무,서대문여성인력개발센터,16,411320,18,43.0,46.0,07_사회복지 종교,직업상담
527,직업상담사2급 자격(1차 필기),부산예일직업전문학교,26,655550,20,34.1,,07_사회복지 종교,직업상담
528,직업상담사2급 자격증취득(2차 실기),양산직업학교,20,385620,20,58.8,,07_사회복지 종교,직업상담
529,직업상담사2급 취득(1차+2차),중랑여성인력개발센터,46,1182560,20,30.4,,07_사회복지 종교,직업상담
530,"직업상담사2급 취득(필기,실기)",북인천직업전문학교,35,893350,13,57.1,,07_사회복지 종교,직업상담
