,과정명,학원명,기간,훈련비,정원,취업률,연령대,지역1,지역2
0,제과제빵기능사 자격취득과정 (이론+실기),이화푸드조리제빵학원,51,1386580,16,49.1,36,대전,서구
1,천연효모 발효빵,신사제과제빵학원,15,509770,10,23.9,35,서울,강남구
2,"쁘띠디저트(마카롱,에클레어,슈,타르트,쿠키)",티니케익아트학원,25,829700,15,37.5,32,서울,성동구
3,"케이크디자이너양성과정(레터링,캐릭터,입체.슈가)",티니케익아트학원,25,799700,15,37.5,35,서울,성동구
4,"플라워케이크기초(크림플라워,앙금플라워떡케이크)",티니케익아트학원,25,799700,15,37.5,36,서울,성동구
5,제빵&제과기능사 자격증 취득,궁전요리제빵미용직업전문학교,63,1665260,18,60.7,28,전북,전주시
6,제과+제빵기능사 자격증 취득과정(이론+실기),한국조리사관직업전문학교,25,1359400,30,42.1,28,서울,금천구
7,제과제빵기능사(실기)&실용 케익,신사제과제빵학원,52,1631280,16,23.9,34,서울,강남구
8,제과자격증 취득과정,통영제과제빵커피전문학원,40,815640,16,,37,경남,통영시
9,제빵 기능사 자격증 취득과정 (필기+실기),"한쿡외식문화학원(요리,제과제빵,바리스타,조리)",38,897200,18,64.3,36,경기,용인시
10,"케이크데코레이션과 디저트실무(버터플라워,앙금플라워 포함)",경기외식직업전문학교,45,1223460,15,51.4,38,경기,수원시
11,제과 기능사 자격증 취득과정 (필기+실기),"한쿡외식문화학원(요리,제과제빵,바리스타,조리)",35,815640,18,64.3,33,경기,용인시
12,(실기) 제과기능사 자격취득,뉴영남요리제과제빵아카데미,30,611730,9,25,34,경남,진주시
13,제빵기능사 자격증 취득과정(실기),다옴직업전문학교,30,1019550,24,81.8,38,대구,서구
14,"플라워케이크심화(크림플라워,앙금플라워떡케이크)",티니케익아트학원,25,929700,15,37.5,,서울,성동구
15,"쁘띠디저트(마카롱,에클레어,슈,타르트,쿠키)",티니케익아트학원,25,829700,15,37.5,37,서울,성동구
16,제빵기능사 제과기능사 자격증 취득(이론+실기),뉴브레인직업전문학교,26,1039940,12,,37,서울,구로구
17,제과제빵기능사 실기 및 케익데코 디저트 과정,서울호텔제과제빵요리직업전문학교,55,1536120,20,50.7,30,서울,광진구
18,제과제빵기능사 취득과정,에프비아이제과제빵커피학원,52,1406970,20,35.3,39,경기,고양시
19,케이크와 디저트 실무,효성직업능력개발원,26,706880,20,,32,대구,달서구
20,제빵기능사 자격증 취득과정(필기+실기),성남외식조리직업전문학교,27,734070,18,34.1,35,경기,성남시
21,제과제빵기능사기초과정,월드호텔외식직업전문학교(병점),28,1121500,15,94.7,31,경기,화성시
22,제과제빵 현장실무(제빵기능사+제과기능사),간석외식직업전문학교,55,1495340,20,38.5,29,인천,남동구
23,제과제빵기능사이론실기취득과정,월드호텔요리제과커피학원,26,1039940,15,93.3,35,경기,수원시
24,제빵기능사 자격증 (이론+실기) 취득과정,(주)상록호텔조리직업전문학교,32,856420,28,60.5,33,인천,계양구
25,"플라워케이크마스터 자격증취득 및 양성과정(기초, 심화, 오브제)",라크렘제과실용전문학교,41,1695060,16,20.8,38,서울,성동구
26,"제과제빵기능사취득(이론,실기)",광산음식나라조리학원,60,1427370,10,40,34,광주,광산구
27,제과제빵기능사 및 케이크디자이너2급 취득과정,대전음식나라조리제과제빵학원,53,1427370,16,36.7,30,대전,중구
28,제과제빵기초실무과정,진영요리제빵학원,67,1359400,8,,38,경남,김해시
29,제과&제빵자격증취득및 취업과정,한국외식제과직업전문학교,55,1495340,18,44.9,33,대구,중구
30,베이커리 디저트 실무과정,한솔요리아카데미 강동,15,661730,14,47.9,48,서울,강동구
31,제과제빵자격증 케익플라워,현대제과제빵요리전문학원,51,1740030,18,38.8,38,울산,남구
32,제과제빵이론과 실기자격증,경기외식직업전문학교,60,1631280,15,51.4,34,경기,수원시
33,제과제빵기능사 및 떡제조기능사 취득(이론/실기),전주요리제과제빵학원,62,1672060,18,63.9,41,전북,전주시
34,제과제빵기능사 취득과정(이론&실기),한선생직업전문학교,53,1080720,10,42.9,40,경기,수원시
35,제과제빵 자격증과 케이크데코,종로호텔제과직업전문학교,60,1631280,20,48.3,36,서울,종로구
36,케익&제과카페디저트실무,봄뜰제과제빵학원,50,1359400,10,50,38,부산,사하구
37,천연 발효종을 활용한 제빵실무,한국제과직업전문학교,50,1359400,20,46.2,38,서울,영등포구
38,제빵 자격증 취득과정,통영제과제빵커피전문학원,36,978760,16,,40,경남,통영시
39,"제과,제빵 자격증 취득과정(이론+실기)",원선나라요리제과제빵학원,48,1631280,10,,30,경남,김해시
40,"제과제빵자격증과정(이론,실기)",은성제과제빵커피학원,55,1495340,12,42.9,43,경남,김해시
41,제과제빵기능사자격증 실기,동아제과제빵기술학원,37,1027820,15,43.8,26,서울,영등포구
42,제과디저트 및 커피음료 실무과정,둔산음식나라조리제과커피학원,38,990000,11,47.7,36,대전,서구
43,제과제빵기능사취득,(주)한국외식조리직업전문학교,80,1631280,26,56.1,30,인천,부평구
44,제과제빵기능사자격증실기,동아제과제빵기술학원,34,1027820,15,43.8,40,서울,영등포구
45,제과&제빵기능사(필기+실기) 자격취득,광주국제직업전문학교,48,1631280,12,39.1,32,광주,북구
46,제과제빵기능사 자격증 취득과정(이론+실기),김상엽제과제빵학원,53,1440960,10,31.3,32,서울,도봉구
47,제과제빵기능사 케이크디자이너 취득 및 실무자 양성과정,둔산음식나라조리제과커피학원,63,1584000,18,47.7,36,대전,서구
48,제과제빵기능사 취득과정(이론+실기),해성요리제과제빵학원,55,1495340,20,41.7,29,인천,미추홀구
49,제과제빵 현장실무(제빵기능사+제과기능사),간석외식직업전문학교,45,1223460,20,38.5,33,인천,남동구
50,제과제빵기능사 취득(이론+실기)및 건강빵,한솔제과제빵커피바리스타학원,50,1399400,16,40.4,33,서울,종로구
51,천연효모 발효빵,신사제과제빵학원,15,509770,10,23.9,35,서울,강남구
52,천연발효건강빵,종로호텔제과직업전문학교,24,489380,20,48.3,36,서울,종로구
53,제과제빵자격증과정(이론/실기),수영제과제빵직업전문학교,45,1223460,24,50.6,33,부산,수영구
54,제과제빵기능사 자격증 취득과정,에프비아이제과제빵커피학원,41,1114700,10,35.3,33,경기,고양시
55,케이크와 디저트 양성반,종로호텔제과직업전문학교,25,679700,16,48.3,32,서울,종로구
56,"제과제빵사 자격증 취득과정(제과기능사,제빵기능사,케익디자이너)",아트요리제과제빵바리스타학원,72,1957530,21,,29,울산,중구
57,"제과 베이커리 디저트실무(케익,구움과자)",한솔제과제빵커피바리스타학원,45,1263460,20,40.4,39,서울,종로구
58,제빵기능사자격증취득과정[필기+실기],한국음식문화직업전문학교,27,734070,18,54.3,38,경기,성남시
59,천연발효 건강빵과 카페 디저트,의정부 직업전문학교,20,543760,18,42.6,42,경기,의정부시
60,제과제빵기능사자격증취득과정,대구제과제빵커피학원,50,1359400,20,47.1,31,대구,중구
61,제과제빵기능사취득과정(이론+실기),중앙요리제과학원,63,1277830,12,,43,경기,광주시
62,고급 제과 마스터과정,한국제과직업전문학교,45,1223460,20,46.2,42,서울,영등포구
63,"제과제빵실무과정(발효빵,초콜릿,케이크,구움과자)",쇼콜라띠에제과제빵직업전문학교,60,1495340,18,54.3,33,경기,수원시
64,제과기능사 자격증 취득과정(이론+실기),올리브요리제과커피학원,38,774850,15,,28,경남,창원시
65,제과 디저트 실무,신사제과제빵학원,25,509770,10,23.9,42,서울,강남구
66,제과기능사자격증취득과정[필기+실기],한국음식문화직업전문학교,27,734070,18,54.3,34,경기,성남시
67,제빵기능사실무과정,수원외식관광직업전문학교,33,897200,15,80.3,38,경기,수원시
68,제과제빵실기 한번에 취득과정,한솔요리아카데미 강동,48,1028760,14,47.9,40,서울,강동구
69,제과제빵기능사 및 케이크디자이너2급 자격증 취득 실무 과정,대전음식나라조리제과제빵학원,60,1631280,16,36.7,32,대전,중구
70,제과제빵기능사 자격취득 및 실무 과정,(사)한국경영기술개발원부설제주직업전문학원,50,1359400,18,,29,제주,제주시
71,제과제빵기능사취득과정(이론+실기),한국호텔관광실용전문학교,64,1305020,20,69,28,경기,안산시
72,제과제빵기능사 취득과정,검단직업능력개발학원,50,1359400,16,41.4,30,인천,서구
73,제과디저트케이크현장실무과정,(주)한국외식조리직업전문학교 연수점,60,1223460,27,52.5,37,인천,연수구
74,NEW 제과실무와 디저트,한솔요리아카데미 강동,28,614150,14,47.9,36,서울,강동구
75,제과제빵 기능사 취득과정,전남요리제빵학원,50,1359400,18,,29,전남,순천시
76,제과제빵기능사취득과정,(주)한국외식조리직업전문학교 연수점,80,1631280,20,52.5,36,인천,연수구
77,제과제빵자격증&디저트실무 과정,한솔요리커피제과제빵학원,46,1250640,20,,31,부산,부산진구
78,제과기능사자격증(이론+실기),한솔요리커피제과제빵아카데미,17,815640,20,47.8,33,서울,노원구
79,제빵기능사 및 제과기능사 자격증 취득(이론+실기),현대제과제빵요리전문학원,46,1332210,18,38.8,33,울산,남구
80,제과&제빵기능사자격증취득(이론+실기),제일요리아카데미학원,52,1400180,10,,46,강원,춘천시
81,제과제빵 자격취득과정,음식나라조리학원,53,1182670,15,38.1,37,전북,전주시
82,제과제빵실기와 케익데코레이션,한솔요리아카데미 강동,28,1164700,14,47.9,29,서울,강동구
83,제과제빵기능사 취득,한국제과직업전문학교,60,1631280,20,46.2,30,서울,영등포구
84,제과제빵기능사 자격증 취득과정,에프비아이제과제빵커피학원,41,1114700,20,35.3,43,경기,고양시
85,제과제빵 자격증과 케이크데코,종로호텔제과직업전문학교,60,1631280,20,48.3,31,서울,종로구
86,제과제빵기능사자격증취득과정,오산호텔요리제과제빵학원,30,1107910,9,61.8,26,경기,오산시
87,베이커리자격증(제빵+제과),한솔요리커피제과제빵아카데미,50,1359400,20,47.8,38,서울,노원구
88,베이커리 실무과정,검단직업능력개발학원,40,815640,12,41.4,28,인천,서구
89,제과제빵기능사 자격증과정,베이커탑제과커피직업전문학교,45,1073920,12,53.6,22,경기,의정부시
90,제과&제빵자격증취득및 취업과정,한국외식제과직업전문학교,55,1495340,18,44.9,34,대구,중구
91,케이크디자이너 자격증취득하기,궁전요리제빵미용직업전문학교,36,958370,18,60.7,29,전북,전주시
92,제과제빵기능사 자격증 취득과정,남경성요리제빵커피직업전문학교,60,1631280,18,67.6,35,강원,원주시
93,"케이크디자이너양성과정(레터링,캐릭터,입체.슈가)",티니케익아트학원,25,799700,15,37.5,32,서울,성동구
94,"플라워케이크기초(크림플라워,앙금플라워떡케이크)",티니케익아트학원,25,799700,15,37.5,39,서울,성동구
95,제과제빵기능사과정,한국외식조리직업전문학교,70,1427370,16,55,29,인천,미추홀구
96,제과제빵기능사 케이크디자이너 취득 및 실무자 양성과정,둔산음식나라조리제과커피학원,60,1584000,18,47.7,29,대전,서구
97,케이크와 디저트 양성반,종로호텔제과직업전문학교,25,679700,16,48.3,33,서울,종로구
98,제과.제빵기능사&케이크 데코레이션 과정,부산제과기술학원,44,1794400,20,52.1,31,부산,부산진구
99,카페 제과 디저트 케익실기,간석외식직업전문학교,34,815640,20,38.5,28,인천,남동구
100,베이커리 제빵취업 전문과정,한국정보교육원(구.경원직업전문학교),52,1413770,20,65.5,33,서울,관악구
101,(케이크+초콜릿)디저트 실무자 양성과정,궁전요리제빵직업전문학교,29,679700,20,48.4,31,전북,전주시
102,제과제빵 기능사 및 케익데코 디저트 과정,서울호텔제과제빵요리직업전문학교,56,1712840,20,50.7,35,서울,광진구
103,"제과,제빵기능사 자격취득 및 케이크 데코레이션",효성직업능력개발원,56,1522520,20,,34,대구,달서구
104,제빵기능사 자격증 취득과정(이론+실기),올리브요리제과커피학원,34,924390,15,,44,경남,창원시
105,"(이론+실기) 제과,제빵기능사 자격취득",뉴영남요리제과제빵아카데미,52,1413770,9,25,31,경남,진주시
106,제과제빵기능사 취득 과정,궁전제과(주)광주제과기술학원,60,1427370,20,48.5,28,광주,북구
107,제과&제빵,구미직업전문학교,64,1563310,18,60,32,경북,구미시
108,[이론+실기]제과제빵 기능사 자격증 취득과정,한미제과제빵커피학원,51,1325410,20,27.8,42,서울,동대문구
109,제과제빵기초실무과정,진영요리제빵학원,67,1359400,8,,37,경남,김해시
110,제과제빵자격증&케익실무,봄뜰제과제빵학원,75,2039100,10,50,34,부산,사하구
111,제과카페디저트케이크취업과정,(주)한국외식조리직업전문학교,60,1223460,20,56.1,34,인천,부평구
112,"구움과자 쁘띠디저트(마카롱,에클레어,슈,타르트,쉬폰,파운드)",티니케익아트학원,25,829700,15,37.5,33,서울,성동구
113,카페 디저트 마스터반,종로호텔제과직업전문학교,20,407820,20,48.3,34,서울,종로구
114,"파티케이크(레터링,플라워,숫자케이크&마카롱)마스터",티니케익아트학원,25,859700,15,37.5,33,서울,성동구
115,제과제빵 실기 자격증취득 및 케익데코,한솔제과제빵커피바리스타학원,50,1399400,20,40.4,33,서울,종로구
116,제빵기능사 자격증 취득과정(필기+실기),성남외식조리직업전문학교,27,734070,18,34.1,42,경기,성남시
117,천연효모 발효빵,신사제과제빵학원,15,509770,10,23.9,41,서울,강남구
118,케이크와 디저트 실무,효성직업능력개발원,26,706880,20,,32,대구,달서구
119,제과제빵기능사 취득과 케이크 데코레이션,의정부 직업전문학교,55,1495340,18,42.6,30,경기,의정부시
120,제과제빵이론과실기자격증,경기외식직업전문학교,60,1631280,15,51.4,27,경기,수원시
121,제과&제빵 기능사 자격증 취득 과정(이론+실기),국제조리직업전문학원,60,1631280,12,38.1,36,제주,제주시
122,NEW 제과실무와 디저트,한솔요리아카데미 강동,21,614150,14,47.9,38,서울,강동구
123,제과제빵기능사및케이크,은성제과제빵커피학원,60,1631280,12,42.9,41,경남,김해시
124,제빵기능사 취득과정(이론 및 실기),김지순요리제과직업전문학교,30,815640,16,31,41,제주,제주시
125,제과기능사 자격증 취득과정(필기+실기),성남외식조리직업전문학교,28,761260,18,34.1,37,경기,성남시
126,제과제빵/케익디자이너양성,봄뜰제과제빵학원,68,1848790,12,50,25,부산,사하구
127,제과제빵기능사 자격증 취득과 케이크 데코레이션,한양요리제빵직업전문학교,55,1495340,18,45.8,29,경기,구리시
128,제빵기능사자격증취득과정[필기+실기],한국음식문화직업전문학교,18,734070,18,54.3,29,경기,성남시
129,제과+제빵기능사 자격증 취득과정(이론+실기),한국조리사관직업전문학교,25,1359400,30,42.1,34,서울,금천구
130,제과제빵기능사취득(실기)과정,명성요리제과제빵학원,40,1087520,16,,38,전북,군산시
131,(2020 과정평가형) 제빵기능사 자격 취득 과정,서울현대직업전문학교 디지털구로캠퍼스,81,4281600,20,61.6,29,서울,구로구
132,제과&제빵 기능사 자격증 취득 과정(이론+실기),국제조리직업전문학원,60,1631280,12,38.1,37,제주,제주시
133,제과디저트케이크과정,한국외식조리직업전문학교,48,1223460,16,55,35,인천,미추홀구
134,제과디저트 및 커피음료 실무과정,둔산음식나라조리제과커피학원,38,990000,11,47.7,34,대전,서구
135,제과제빵 자격취득과정,음식나라조리학원,53,1182670,15,38.1,28,전북,전주시
136,제과제빵기능사(실기)&실용 케익,신사제과제빵학원,52,1631280,16,23.9,35,서울,강남구
137,제빵기능사 자격취득 과정(이론+실기),광양요리제과직업전문학교,40,951580,10,82.4,29,전남,광양시
138,제과제빵기능사 취득과정(이론&실기),한선생직업전문학교,53,1080720,10,42.9,35,경기,수원시
139,제과제빵기능사 취득 (이론+실기),경남요리제과제빵커피학원,45,1223460,18,38.9,38,경남,창원시
140,제과기능사/제빵기능사 자격 취득과정(이론+실기),마산제과제빵전문학원,64,1522520,20,30.5,37,경남,창원시
141,"제과제빵기능사취득(이론,실기)",광산음식나라조리학원,60,1427370,10,40,34,광주,광산구
142,제과제빵 현장실무 과정,에프비아이제과제빵커피학원,44,1196270,10,35.3,34,경기,고양시
143,제과제빵 기능인력 양성과정,The국제직업전문학교,60,1427370,15,25,27,광주,광산구
144,(과정평가형)제빵기능사 취득과정,한국산업연수원충북직업전문학교(주),75,3211200,20,,38,충북,청주시
145,제과제빵기능사자격취득과정,전북제과직업전문학교,56,1522520,16,32.7,30,전북,익산시
146,제과제빵기능사 자격증 취득과정,에프비아이제과제빵커피학원,41,1114700,20,35.3,29,경기,고양시
147,제빵기능사 실기,"한쿡외식문화학원(요리,제과제빵,바리스타,조리)",24,570940,18,64.3,40,경기,용인시
148,제과제빵 자격증과 천연발효빵,종로호텔제과직업전문학교,60,1631280,20,48.3,29,서울,종로구
149,제과제빵기능사취득,(주)한국외식조리직업전문학교,80,1631280,26,56.1,26,인천,부평구
150,제과제빵기능사취득(실기)과정,명성요리제과제빵학원,40,1087520,16,,33,전북,군산시
151,케이크 데코 및 디저트 실용과정,궁전제과(주)광주제과기술학원,60,1223460,15,48.5,32,광주,북구
152,천연발효건강빵,종로호텔제과직업전문학교,24,489380,20,48.3,39,서울,종로구
153,카페제과디저트취업과정,(주)씨아이케이한국외식조리직업전문학교(CIK),60,1223460,20,50.9,39,경기,부천시
154,제과제빵기능사 취득 과정,궁전제과(주)광주제과기술학원,60,1427370,20,48.5,28,광주,북구
155,제과제빵기능사 자격증 취득과정,남경성요리제빵커피직업전문학교,60,1631280,18,67.6,42,강원,원주시
156,제과기능사 자격 취득과정(이론+실기),마산제과제빵전문학원,40,815640,20,30.5,27,경남,창원시
157,"제과 베이커리 디저트실무(케익,구움과자)",한솔제과제빵커피바리스타학원,45,1263460,20,40.4,33,서울,종로구
158,제과&제빵기능사(필기+실기) 자격취득,광주국제직업전문학교,63,1631280,12,39.1,29,광주,북구
159,제빵및제과기능사취득(이론+실기),김희진 요리제과제빵바리스타 학원,50,1359400,12,47.1,31,강원,춘천시
160,"케이크데코레이션과 디저트실무(버터플라워,앙금플라워 포함)",경기외식직업전문학교,45,1223460,15,51.4,32,경기,수원시
161,제과제빵기능사 자격증 취득과정,경희커피바리스타제과직업전문학원,50,1359400,20,,38,서울,영등포구
162,제과제빵자격증&디저트실무 과정,한솔요리커피제과제빵학원,46,1250640,20,,38,부산,부산진구
163,떡 제조기능사 자격 취득과정(이론+실기),이화푸드조리제빵학원,20,543760,18,49.1,27,대전,서구
164,제과제빵기능사 취득,한국제과직업전문학교,60,1631280,20,46.2,34,서울,영등포구
165,제과제빵기능사취득,몽상가인직업전문학교,30,815640,18,35.5,36,충남,천안시
166,제빵&제과기능사 자격증 취득,궁전요리제빵미용직업전문학교,45,1223460,18,60.7,33,전북,전주시
167,제과제빵기능사 취득과정,의정부 직업전문학교,40,1087520,15,42.6,32,경기,의정부시
168,천연발효 건강빵과 카페 디저트,한양요리제빵직업전문학교,20,543760,18,45.8,47,경기,구리시
169,제과제빵기능사 자격취득과정 (이론+실기),이화푸드조리제빵학원,51,1386580,16,49.1,25,대전,서구
170,제과제빵기능사자격증 실기,동아제과제빵기술학원,37,1027820,15,43.8,26,서울,영등포구
171,제과기능사취득과정,한국호텔직업전문학교,22,598130,20,,34,서울,서초구
172,디저트 및 케이크 실무양성과정,(주)상록호텔조리직업전문학교,43,870010,30,60.5,36,인천,계양구
173,제과제빵 실기 자격증취득 및 케익데코,한솔제과제빵커피바리스타학원,50,1399400,20,40.4,33,서울,종로구
174,케이크디자이너 및 초콜릿마스터 취득,한국제과직업전문학교,45,1223460,20,46.2,32,서울,영등포구
175,제과/제빵기능사취득과정(이론+실기),장유동경요리제과제빵학원,52,1420570,8,,,경남,김해시
176,제과제빵기능사 자격증 취득 및 케이크데커레이션,현대제과제빵요리전문학원,49,1631280,18,38.8,33,울산,남구
177,제과제빵기능사자격증실기,동아제과제빵기술학원,34,1027820,15,43.8,31,서울,영등포구
178,제과제빵기능사 자격증 취득과정,충주제빵커피학원,57,1549710,18,,38,충북,충주시
179,제과제빵기능사취득과정(이론+실기),한국호텔관광실용전문학교,64,1305020,20,69,23,경기,안산시
180,제과&제빵 기능사 자격증 취득 과정(이론+실기),국제조리직업전문학원,60,1631280,12,38.1,33,제주,제주시
181,제과제빵기능사 취득과정(이론 및 실기),김지순요리제과직업전문학교,50,1359400,16,31,32,제주,제주시
182,제과제빵기능사 자격증 취득과정,에프비아이제과제빵커피학원,41,1114700,20,35.3,33,경기,고양시
183,제과기능사자격증취득과정[필기+실기],한국음식문화직업전문학교,27,734070,18,54.3,37,경기,성남시
184,제과제빵기능사 자격증 취득과정(이론+실기),제천제빵커피학원,50,1459400,18,,38,충북,제천시
185,제과제빵이론과실기,경기외식직업전문학교,55,1495340,15,51.4,28,경기,수원시
186,제빵제과자격증취득과정,통영제과제빵커피전문학원,48,1631280,16,,36,경남,통영시
187,제과제빵기능사취득과정,(주)한국외식조리직업전문학교 연수점,70,1427370,27,52.5,29,인천,연수구
188,[일반고 특화]제과제빵기능사/커피바리스타 자격증취득 및 실무양성과정,(주)우리안전기술원 부설 전남직업전문학교,193,7748940,20,,17,전남,순천시
189,제과제빵기능사(실기)&실용 케익,신사제과제빵학원,52,1631280,16,23.9,36,서울,강남구
190,제과 디저트 실무,신사제과제빵학원,25,509770,10,23.9,32,서울,강남구
191,제과제빵 자격증 취득(실기),한주요리제과커피직업전문학교,45,1223460,14,50,29,경기,부천시
192,천연효모 발효빵,신사제과제빵학원,15,509770,10,23.9,52,서울,강남구
193,초콜릿과 디저트 기초반,종로호텔제과직업전문학교,20,407820,16,48.3,26,서울,종로구
194,"제과제빵기능사취득과정(필기,실기)",쇼콜라띠에제과제빵직업전문학교,54,1468150,18,54.3,30,경기,수원시
195,제과제빵기능사취득과정(이론+실기),김상엽제과제빵학원,42,1141890,10,31.3,41,서울,도봉구
196,케이크데코레이션과 초콜릿,경기외식직업전문학교,45,1223460,15,51.4,34,경기,수원시
197,제과디저트케이크현장실무과정,(주)한국외식조리직업전문학교 연수점,60,1223460,27,52.5,42,인천,연수구
198,카페제과디저트취업과정,(주)씨아이케이한국외식조리직업전문학교(CIK),60,1223460,20,50.9,35,경기,부천시
199,제과제빵기능사자격증취득(이론+실기),비앤씨요리제과제빵학원,51,1386580,12,27.3,28,경기,안양시
200,제과카페디저트케이크취업과정,(주)한국외식조리직업전문학교,60,1223460,20,56.1,28,인천,부평구
201,제과제빵기능사 취득과정,한양요리제빵직업전문학교,40,1087520,18,45.8,32,경기,구리시
202,슈가크래프트 케이크반,종로호텔제과직업전문학교,25,679700,16,48.3,32,서울,종로구
203,제과.제빵기능인 양성과정,부산제과기술학원,59,1604090,18,52.1,30,부산,부산진구
204,"제과, 제빵, 케이크디자이너 자격증 취득과정",아트요리제과제빵바리스타학원,70,1903160,20,,30,울산,중구
205,제과제빵기능사취득과정,(주)씨아이케이한국외식조리직업전문학교(CIK),80,1631280,26,50.9,27,경기,부천시
206,제과제빵기능사자격증취득및실무과정,오산호텔요리제과제빵학원,38,1515730,9,61.8,31,경기,오산시
207,유럽빵 및 디저트 과정,에프비아이제과제빵커피학원,40,1087520,20,35.3,41,경기,고양시
208,제과제빵 자격증과 케이크데코,종로호텔제과직업전문학교,60,1631280,20,48.3,26,서울,종로구
209,제과 및 제빵기능사 자격 취득과정(이론+실기),이성실요리커피제빵학원,45,1223460,12,31.7,35,대구,북구
210,제과실기와 파티시에,한솔요리아카데미 강동,34,729700,14,47.9,34,서울,강동구
211,(케이크+초콜릿)디저트 실무자 양성과정,궁전요리제빵직업전문학교,29,679700,20,48.4,32,전북,전주시
212,제과기능사 제빵기능사 자격증 취득과정(이론+실기),뉴브레인직업전문학교,28,1141890,15,,55,서울,구로구
213,"제과제빵자격증과정(이론,실기)",은성제과제빵커피학원,55,1495340,12,42.9,36,경남,김해시
214,"제과제빵 기능사 자격증 취득,취업과정(필기+실기)",서울현대직업전문학교 디지털구로캠퍼스,24,1101110,20,61.6,28,서울,구로구
215,제과제빵기능사 실기 및 케익데코 디저트 과정,서울호텔제과제빵요리직업전문학교,56,1522520,20,50.7,31,서울,광진구
216,제과제빵기능사 자격취득과정 (이론+실기),이화푸드조리제빵학원,51,1386580,16,49.1,31,대전,서구
217,"케이크디자이너양성과정(레터링,플라워,캐릭터,입체.슈가케이크)",티니케익아트학원,25,799700,15,37.5,34,서울,성동구
218,제빵실기와 유럽건강빵,한솔요리아카데미 강동,23,974390,14,47.9,34,서울,강동구
219,"플라워케이크심화(크림플라워, 앙금플라워떡케이크)",티니케익아트학원,25,879700,15,37.5,41,서울,성동구
220,케이크데코레이션과정,대구제과제빵커피학원,40,1087520,18,47.1,28,대구,중구
221,제과&제빵자격증취득및 취업과정,한국외식제과직업전문학교,55,1495340,18,44.9,29,대구,중구
222,제과제빵 케이크 현장실무(제빵기능사+제과기능사+케익데코),간석외식직업전문학교,60,1631280,15,38.5,22,인천,남동구
223,케이크 데코레이션 실무과정,종로호텔제과직업전문학교,24,489380,20,48.3,29,서울,종로구
224,제과-케익데코 및 디저트심화과정,한국외식제과직업전문학교,35,951580,15,44.9,35,대구,중구
225,제과 및 제빵기능사 취득과정,(주)상록호텔조리직업전문학교,69,1631280,30,60.5,33,인천,계양구
226,제과기능사실무과정,수원외식관광직업전문학교,32,870010,15,80.3,37,경기,수원시
227,제과제빵기능사자격증취득과정,대구제과제빵커피학원,50,1359400,20,47.1,30,대구,중구
228,(제과기능사+제빵기능사)자격증 과정,궁전요리제빵직업전문학교,44,1196270,20,48.4,34,전북,전주시
229,디저트카페실무(제과),궁전요리제빵미용직업전문학교,15,407820,18,60.7,34,전북,전주시
230,제과/제빵기능사취득과정(이론+실기),장유동경요리제과제빵학원,53,1420570,8,,36,경남,김해시
231,제과제빵기능사취득,몽상가인직업전문학교,30,815640,18,35.5,30,충남,천안시
232,제빵기능사자격증취득과정[필기+실기],한국음식문화직업전문학교,27,734070,18,54.3,37,경기,성남시
233,"플라워케이크마스터 자격증취득 및 양성과정(기초, 심화, 오브제)",라크렘제과실용전문학교,41,1695060,16,20.8,34,서울,성동구
234,제빵기능사 취득(실기),김천요리제과직업전문학교,28,761260,12,36.4,30,경북,김천시
235,제과제빵사 양성과정,목포국제직업전문학교,50,1359400,20,45.7,33,전남,목포시
236,"파티케이크(레터링,플라워,숫자케이크&마카롱)마스터",티니케익아트학원,25,859700,15,37.5,31,서울,성동구
237,"구움과자 쁘띠디저트(마카롱,에클레어,슈,타르트,쉬폰,파운드)",티니케익아트학원,25,829700,15,37.5,34,서울,성동구
238,제과+제빵 기능사 자격취득과정 (이론+실기),거창요리제과제빵학원,60,1631280,15,,34,경남,거창군
239,제과자격증취득과정,통영제과제빵커피전문학원,40,815640,16,,38,경남,통영시
240,쇼콜라티에반,종로호텔제과직업전문학교,20,407820,16,48.3,33,서울,종로구
241,천연발효건강빵,종로호텔제과직업전문학교,24,489380,20,48.3,33,서울,종로구
242,제과제빵기능사 취득과정(이론&실기),한선생직업전문학교,53,1080720,10,42.9,32,경기,수원시
243,케이크와 디저트 양성반,종로호텔제과직업전문학교,25,679700,16,48.3,30,서울,종로구
244,제과제빵기능사 자격증 취득과정,에프비아이제과제빵커피학원,41,1114700,20,35.3,30,경기,고양시
245,(일반고특화)제빵.제과.바리스타 자격취득 및 실무양성,(재)대성직업전문학교,174,7748940,30,84.2,17,광주,북구
246,"일반고특화 제과제빵기능사 + 바리스타 1, 2급 취득 및 실무양성",경남요리제과제빵커피학원,173,7748940,18,38.9,17,경남,창원시
247,[일반고특화] 제과제빵기능사&바리스타 자격증 취득 및 양성과정,(사)한국경영기술개발원부설제주직업전문학원,175,7748940,20,,17,제주,제주시
248,(일반고 특화) 제과제빵기능사 & 커피바리스타 자격취득 및 양성과정,다옴직업전문학교,170,7748940,24,81.8,17,대구,서구
249,(일반고특화)제과 제빵기능사 자격취득 및 케잌 데코과정,(주)한국직업전문학교,176,7748940,26,,17,경기,수원시
250,일반고특화 제과제빵기능사 취득 및 파티쉐과정,(주)세일직업전문학교,172,7748940,20,52.9,17,충남,천안시
251,[일반고특화]제과기능사&제빵기능사 취득 및 실무 양성과정,쇼콜라띠에제과제빵직업전문학교,175,7748940,30,54.3,17,경기,수원시
252,일반고특화 제과제빵기능사 & 커피바리스타 자격증 취득과정,대구제과제빵커피학원,169,7616940,18,47.1,17,대구,중구
253,(일반고특화)제과제빵 실무 양성 과정(제과+제빵기능사취득),한국산업연수원충북직업전문학교(주),180,7748940,30,,17,충북,청주시
254,(일반고 특화) 제과·제빵·바리스타 자격증 취득 및 실무 양성과정,대구과학대학교,172,7748940,30,,17,대구,북구
255,(일반고 특화) 제빵_제과기능사 취득 및 실무 양성과정,(주)상록호텔조리직업전문학교,166,7748940,30,60.5,17,인천,계양구
256,[일반고특화]제과제빵기능사와바리스타 실무자양성,(재)호남직업전문학교,173,7748940,25,,17,광주,동구
257,제과제빵기능사 자격증 취득 및 파티쉐 실무 양성 일반고 특화과정,경북산업직업전문학교,168,7748940,26,,17,대구,동구
258,(일반고특화)제과.제빵.바리스타 자격취득 및 실무양성,(재)대성직업전문학교,174,7748940,30,84.2,17,광주,북구
259,[일반고특화] 호텔제과제빵(바리스타) 자격취득 과정,메이필드호텔스쿨,171,7748940,17,,17,서울,강서구
260,(일반고 특화)디저트카페 실무자 양성과정(바리스타 자격증 취득),동탄요리제과제빵학원,174,7748940,16,,17,경기,화성시
261,(일반고특화)제과제빵&바리스타 자격증 취득과정,궁전요리제빵직업전문학교,172,7748940,18,48.4,17,전북,전주시
262,(일반고특화)제과제빵사 및 케이크 디자이너 양성과정,동탄요리제과제빵학원,174,7748940,16,,17,경기,화성시
263,"(일반고특화)제빵,제과기능사&바리스타2급 자격증및 실무양성과정",궁전요리제빵미용직업전문학교,174,7748940,18,60.7,17,전북,전주시
264,(일반고특화)제과제빵&바리스타 자격취득 및 양식브런치 실무 과정,new광주직업전문학교(북구),194,7748940,20,,17,광주,북구
265,"(일반고특화)제과기능사,제빵기능사자격증취득및실무과정",월드호텔요리제과커피학원,171,7748940,18,93.3,17,경기,수원시
266,(일반고특화)제과제빵전문과정,경기외식직업전문학교,163,7925660,18,51.4,17,경기,수원시
267,"(일반고특화)제과기능사,제빵기능사자격증취득및실무과정",월드호텔외식직업전문학교(병점),171,7748940,15,94.7,17,경기,화성시
268,(일반고특화) 제과제빵기능사취득 및 실무과정,한솔요리아카데미 강동,182,7748940,16,47.9,17,서울,강동구
269,일반고특화 제빵기능사 (제과기능사) / 바리스타2급 자격취득,경남요리제과직업전문학교,163,7748940,15,51.3,17,경남,창원시
270,제과기능사실기,"한쿡외식문화학원(요리,제과제빵,바리스타,조리)",21,496180,18,64.3,35,경기,용인시
271,"일반고특화 파티쉐실무양성과정(제빵,제과기능사,케이크디자이너취득)",경남요리제과직업전문학교,163,7748940,18,51.3,17,경남,창원시
272,(일반고특화)제과제빵 기능사 & 바리스타 & 케익디자이너 취득과정,"한쿡외식문화학원(요리,제과제빵,바리스타,조리)",153,7476940,18,64.3,17,경기,용인시
273,제과제빵기능사 자격취득 및 실무 과정,(사)한국경영기술개발원부설제주직업전문학원,50,1359400,18,,30,제주,제주시
274,천연효모 발효빵,신사제과제빵학원,15,509770,10,23.9,37,서울,강남구
275,일반고)제과제빵사 자격취득 및 실무양성과정,베이커탑제과커피직업전문학교,180,8170230,30,53.6,17,경기,의정부시
276,제과제빵기능사 및 케이크디자이너2급 자격증 취득 실무 과정,대전음식나라조리제과제빵학원,60,1631280,16,36.7,38,대전,중구
277,제빵기능사취득과정,한국호텔직업전문학교,22,598130,20,,42,서울,서초구
278,제과제빵기능사 취득 및 커피바리스타 2급 취득,몽상가인직업전문학교,175,7748940,12,35.5,17,충남,천안시
279,(일반고)제과제빵기능사 및 바리스타 자격증 취득과정 A,크레시앙아카데미학원,183,7748940,18,,17,충북,청주시
280,제빵및제과기능사취득(이론+실기),김희진 요리제과제빵바리스타 학원,50,1359400,12,47.1,32,강원,춘천시
281,[일반고 특화] 제과제빵 및 커피 자격증 취득 및 실무양성과정,한국음식문화직업전문학교,179,7748940,24,54.3,17,경기,성남시
282,"(일반고특화) 제과, 제빵, 파티셰 과정(자격증과정 포함)",에듀셰프요리제과제빵교육원,175,7748940,18,38.9,17,경기,고양시
283,(일반고특화) 베이커리카페 실무 및 자격취득과정(제과제빵&바리스타),광주국제직업전문학교,164,7748940,20,39.1,17,광주,북구
284,일반고특화 제과제빵기능사바리스타과,(주)씨아이케이한국외식조리직업전문학교(CIK),173,7748940,20,50.9,17,경기,부천시
285,일반고특화 제과제빵기능사바리스타과,(주)한국외식조리직업전문학교,173,7748940,20,56.1,17,인천,부평구
286,제과제빵기능사 자격증 취득과 케이크 데코레이션,한양요리제빵직업전문학교,55,1495340,18,45.8,31,경기,구리시
287,(일반고특화)베이커리실무자양성(제빵+제과기능사 취득과정),한솔요리커피제과제빵아카데미,169,7748940,20,47.8,17,서울,노원구
288,제과제빵기능사 취득,라임요리제과제빵학원,60,1631280,15,45.9,32,대구,북구
289,"제과 베이커리 디저트실무(케익,구움과자)",한솔제과제빵커피바리스타학원,45,1263460,20,40.4,37,서울,종로구
290,[일반고특화]제과제빵사양성과정 (제과제빵자격증취득),한솔요리학원종로3가점,168,7748940,30,62.1,17,서울,종로구
291,제과디저트 및 커피음료 실무과정,둔산음식나라조리제과커피학원,38,990000,11,47.7,33,대전,서구
292,[일반고특화]제과제빵자격증 취득 및 파티쉐양성과정,한솔요리제과제빵아카데미,170,7748940,24,32.7,17,서울,서초구
293,제과제빵 자격증과 디저트 실무반,종로호텔제과직업전문학교,65,1767220,20,48.3,31,서울,종로구
294,일반고_제빵 제과 기능사 취득 및 바리스타 양성,한국조리사관직업전문학교,168,7748940,30,42.1,17,서울,금천구
295,제빵기능사 자격증 취득과정(이론+실기),올리브요리제과커피학원,34,924390,15,,29,경남,창원시
296,제과제빵자격증과정(이론/실기),수영제과제빵직업전문학교,45,1223460,24,50.6,29,부산,수영구
297,(실기)제과.제빵기능사+케이크 데코레이션 과정,엠제빵커피학원,43,1169080,18,25.9,34,울산,남구
298,초콜릿 및 제과양성과정,김상엽제과제빵학원,32,904060,10,31.3,37,서울,도봉구
299,제과제빵 기능사 취득과정,전남요리제빵학원,50,1359400,18,,34,전남,순천시
300,제과기능사 자격증 취득과정(이론+실기),올리브요리제과커피학원,38,774850,15,,30,경남,창원시
301,제빵기능사 자격증 취득과정(필기+실기),성남외식조리직업전문학교,27,734070,18,34.1,38,경기,성남시
302,제과제빵기능사 취득(이론+실기)및 건강빵,한솔제과제빵커피바리스타학원,50,1399400,16,40.4,29,서울,종로구
303,[일반고특화] 제과/제빵&바리스타 자격 취득 및 실무자 양성,(재단법인)서울호서직업전문학교,165,7748940,30,,17,서울,강서구
304,(일반고특화)제과제빵기능사 취득 및 쇼콜라티에 양성과정,한국호텔관광실용전문학교,171,7748940,24,69,17,경기,안산시
305,[일반고특화] 제빵기능사 자격취득 및 파티쉐 양성과정,서울현대직업전문학교,156,7748940,30,,17,서울,영등포구
306,제과제빵 현장실무(제빵기능사+제과기능사),간석외식직업전문학교,45,1223460,20,38.5,22,인천,남동구
307,"[일반고특화] 제과제빵&바리스타(제과&제빵 기능사, 바리스타 2급)",(주)강림직업전문학교,173,7748940,18,,17,경기,평택시
308,(일반고특화)제과제빵기능사 취득 및 호텔디저트 양성과정,한국호텔관광실용전문학교,171,7748940,30,69,17,경기,안산시
309,(일반고 특화) 제과제빵기능사취득 현장실무과정,한국제과직업전문학교,165,7748940,24,46.2,18,서울,영등포구
310,(일반고특화)제과제빵파티쉐과정,수원외식관광직업전문학교,175,7748940,40,80.3,17,경기,수원시
311,(일반고특화)제과제빵기능사 취득 및 케이크디자이너 양성과정,한국호텔관광실용전문학교,171,7748940,30,69,17,경기,안산시
312,제과제빵기능사 자격증 취득과정,에프비아이제과제빵커피학원,41,1114700,10,35.3,31,경기,고양시
313,제과-케익데코레이션 과정,부산제과기술학원,35,951580,16,52.1,28,부산,부산진구
314,카페 제과 디저트 케익실기,간석외식직업전문학교,34,815640,20,38.5,33,인천,남동구
315,제과제빵기능사취득(실기)과정,명성요리제과제빵학원,40,1087520,16,,40,전북,군산시
316,제과제빵자격증/취업반,봄뜰제과제빵학원,60,1631280,12,50,29,부산,사하구
317,제과제빵기능사 취득과정,검단직업능력개발학원,50,1359400,16,41.4,37,인천,서구
318,제과제빵기능사 자격증 취득과정(이론+실기),제천제빵커피학원,50,1459400,18,,46,충북,제천시
319,제과제빵이론과실기,경기외식직업전문학교,55,1495340,15,51.4,30,경기,수원시
320,디저트실무 양성과정,음식나라조리학원,34,693290,12,38.1,38,전북,전주시
321,제과 및 제빵기능사 자격 취득과정(이론+실기),이성실요리커피제빵학원,45,1223460,12,31.7,32,대구,북구
322,제과제빵실기 한번에 취득과정,한솔요리아카데미 강동,48,1028760,14,47.9,40,서울,강동구
323,제과&제빵기능사(필기+실기) 자격취득,광주국제직업전문학교,69,1631280,12,39.1,31,광주,북구
324,(일반고 특화) 제과제빵기능사 및 바리스타자격증 취득과정,에프비아이제과제빵커피학원,164,7916760,18,35.3,17,경기,고양시
325,베이커리 실무과정,검단직업능력개발학원,40,815640,12,41.4,38,인천,서구
326,제과제빵 자격증과 케이크데코,종로호텔제과직업전문학교,60,1631280,20,48.3,26,서울,종로구
327,베이킹마스터 양성과정(제과/제빵/케이크),마산제과제빵전문학원,161,7748940,20,30.5,17,경남,창원시
328,케이크와 디저트 실무,효성직업능력개발원,26,706880,20,,32,대구,달서구
329,제과제빵기능사 자격증 취득과정,충주제빵커피학원,57,1549710,18,,43,충북,충주시
330,제과기능사 취득과정 (실기+이론),홍주제과기술학원,35,713680,10,23.8,29,충남,홍성군
331,제과제빵기능사 취득과정(이론+실기),해성요리제과제빵학원,55,1495340,20,41.7,35,인천,미추홀구
332,케이크디자이너 자격증취득하기,궁전요리제빵미용직업전문학교,36,958370,18,60.7,30,전북,전주시
333,(일반고 특화) 제과제빵기능사 및 케익데코레이션자격증 취득과정,에프비아이제과제빵커피학원,164,7748940,12,35.3,17,경기,고양시
334,[일반고특화]제과제빵 자격취득과정,한선생직업전문학교,157,7748940,20,42.9,17,경기,수원시
335,제빵&제과기능사 자격증 취득,궁전요리제빵미용직업전문학교,45,1223460,18,60.7,27,전북,전주시
336,제과제빵기능사(이론+실기) 및 케익디자이너,현대제과제빵요리전문학원,53,1821590,18,38.8,33,울산,남구
337,제과.제빵기능사 자격증 취득 과정(이론+실기),엠제빵커피학원,51,1386580,18,25.9,34,울산,남구
338,(일반고 특화) 제과제빵 기능사 취득 및 제과제빵 바리스타 양성과정,서울호텔제과제빵요리직업전문학교,181,7748940,24,50.7,17,서울,광진구
339,제과기능사자격증취득과정[필기+실기],한국음식문화직업전문학교,27,734070,18,54.3,30,경기,성남시
340,제과제빵자격증&디저트실무 과정,한솔요리커피제과제빵학원,46,1250640,20,,30,부산,부산진구
341,떡 제조기능사 자격 취득과정(이론+실기),이화푸드조리제빵학원,20,543760,18,49.1,43,대전,서구
342,제과제빵기능사 취득(실기+이론) & 디저트전문가 양성,현대제과제빵요리전문학원,48,1631280,18,38.8,26,울산,남구
343,제과디저트케이크현장실무과정,(주)한국외식조리직업전문학교 연수점,60,1223460,27,52.5,32,인천,연수구
344,케이크와 디저트 양성반,종로호텔제과직업전문학교,25,679700,16,48.3,32,서울,종로구
345,제과제빵기능사자격증실기,동아제과제빵기술학원,34,1027820,15,43.8,32,서울,영등포구
346,"(이론+실기) 제과,제빵기능사 자격취득",뉴영남요리제과제빵아카데미,52,1413770,10,25,30,경남,진주시
347,천연 발효종을 활용한 제빵실무,한국제과직업전문학교,50,1359400,20,46.2,41,서울,영등포구
348,제과제빵기능사 및 떡제조기능사 취득(이론/실기),전주요리제과제빵학원,62,1672060,18,63.9,32,전북,전주시
349,베이커리자격증(제빵+제과),한솔요리커피제과제빵아카데미,50,1359400,20,47.8,32,서울,노원구
350,제과.제빵기능사 과정,부산제과기술학원,57,1549710,18,52.1,28,부산,부산진구
351,케이크디자이너 자격증취득하기,궁전요리제빵미용직업전문학교,36,958370,18,60.7,30,전북,전주시
352,"플라워케이크기초(크림플라워,앙금플라워떡케이크)",티니케익아트학원,25,799700,15,37.5,32,서울,성동구
353,제과제빵기능사및케이크,은성제과제빵커피학원,60,1631280,12,42.9,22,경남,김해시
354,제과제빵기능사자격증 실기,동아제과제빵기술학원,37,1027820,15,43.8,30,서울,영등포구
355,"케이크디자이너양성과정(레터링,플라워,캐릭터,입체.슈가케이크)",티니케익아트학원,25,799700,15,37.5,33,서울,성동구
356,제과제빵 기능사 및 케익데코 디저트 과정,서울호텔제과제빵요리직업전문학교,56,1712840,20,50.7,33,서울,광진구
357,제과제빵실기와 케익데코레이션,한솔요리아카데미 강동,28,1164700,14,47.9,33,서울,강동구
358,제과기능사 취득과정,보령여성인력개발센터,32,818050,10,,39,충남,보령시
359,제과제빵기능사 자격증과정,베이커탑제과커피직업전문학교,45,1073920,12,53.6,35,경기,의정부시
360,제과 디저트 실무,신사제과제빵학원,25,509770,10,23.9,39,서울,강남구
361,제과제빵기능사자격증취득과정,대구제과제빵커피학원,50,1359400,20,47.1,30,대구,중구
362,천연효모 발효빵,신사제과제빵학원,15,509770,10,23.9,37,서울,강남구
363,제과제빵기능사취득,광산음식나라조리학원,54,1264240,10,40,41,광주,광산구
364,천연발효건강빵,종로호텔제과직업전문학교,24,489380,20,48.3,35,서울,종로구
365,제빵기능사 제과기능사 자격증 취득(이론+실기),뉴브레인직업전문학교,26,1039940,12,,39,서울,구로구
366,제과기능사취득[이론+실기],부천조리직업전문학교,37,761260,20,47.8,30,경기,부천시
367,제과제빵기능사취득(실기)과정,명성요리제과제빵학원,40,1087520,16,,44,전북,군산시
368,제과제빵 현장실무(제빵기능사+제과기능사),간석외식직업전문학교,45,1223460,20,38.5,30,인천,남동구
369,제빵기능사 자격 취득과정(이론+실기),마산제과제빵전문학원,40,951580,20,30.5,31,경남,창원시
370,커피 바리스타 파티쉐 취업,서울현대직업전문학교 디지털구로캠퍼스,26,1019550,18,61.6,38,서울,구로구
371,제과제빵기능사 및 케이크디자이너2급 자격증 취득 실무 과정,대전음식나라조리제과제빵학원,60,1631280,16,36.7,29,대전,중구
372,제과제빵기능사 케이크디자이너 취득 및 실무자 양성과정,둔산음식나라조리제과커피학원,63,1584000,18,47.7,30,대전,서구
373,"구움과자 쁘띠디저트(마카롱,에클레어,슈,타르트,쉬폰,파운드)",티니케익아트학원,25,829700,15,37.5,37,서울,성동구
374,제과제빵기능사케이크과정,(주)씨아이케이한국외식조리직업전문학교(CIK),90,1835190,26,50.9,37,경기,부천시
375,제과제빵 실기 자격증취득 및 케익데코,한솔제과제빵커피바리스타학원,50,1399400,20,40.4,31,서울,종로구
376,제과&제빵기능사자격증취득(이론+실기),제일요리아카데미학원,52,1400180,10,,27,강원,춘천시
377,"파티케이크(레터링,플라워,숫자케이크&마카롱)마스터",티니케익아트학원,25,859700,15,37.5,32,서울,성동구
378,제과제빵기능사 자격증 취득과정,남경성요리제빵커피직업전문학교,60,1631280,18,67.6,42,강원,원주시
379,(케이크+초콜릿)디저트 실무자 양성과정,궁전요리제빵직업전문학교,29,679700,20,48.4,34,전북,전주시
380,제과제빵기능사 자격증 취득과 케이크 데코레이션,한양요리제빵직업전문학교,55,1495340,18,45.8,42,경기,구리시
381,제빵기능사 실기,"한쿡외식문화학원(요리,제과제빵,바리스타,조리)",24,570940,18,64.3,30,경기,용인시
382,제과기능사자격취득과정(이론+실기),광양요리제과직업전문학교,40,815640,10,82.4,33,전남,광양시
383,천연발효 건강빵과 카페 디저트,의정부 직업전문학교,20,543760,18,42.6,40,경기,의정부시
384,제과제빵기능사 자격증 취득과정,에프비아이제과제빵커피학원,41,1114700,10,35.3,37,경기,고양시
385,"제과제빵실무과정(발효빵,초콜릿,케이크,구움과자)",쇼콜라띠에제과제빵직업전문학교,55,1495340,18,54.3,35,경기,수원시
386,케이크데코레이션과정,대구제과제빵커피학원,40,1087520,18,47.1,27,대구,중구
387,제과제빵기능사 취득과 케이크 데코레이션,의정부 직업전문학교,55,1495340,18,42.6,30,경기,의정부시
388,제과제빵기능사취득,몽상가인직업전문학교,30,815640,18,35.5,35,충남,천안시
389,제과카페브런치/케익디자이너,봄뜰제과제빵학원,53,1087520,10,50,37,부산,사하구
390,제과제빵기능사자격증취득(이론+실기),비앤씨요리제과제빵학원,51,1386580,12,27.3,33,경기,안양시
391,제과카페디저트케이크취업과정,(주)한국외식조리직업전문학교,60,1223460,20,56.1,36,인천,부평구
392,제과제빵 자격취득과정,음식나라조리학원,53,1182670,15,38.1,38,전북,전주시
393,카페 디저트 마스터반,종로호텔제과직업전문학교,20,407820,20,48.3,33,서울,종로구
394,제과+제빵기능사 자격증 취득과정(이론+실기),한국조리사관직업전문학교,25,1359400,30,42.1,31,서울,금천구
395,제과제빵기능사 취득 (이론+실기),경남요리제과제빵커피학원,45,1223460,18,38.9,31,경남,창원시
396,천연 발효빵 과정,궁전제과(주)광주제과기술학원,24,570940,15,48.5,36,광주,북구
397,제과제빵 자격증과 천연발효빵,종로호텔제과직업전문학교,60,1631280,20,48.3,38,서울,종로구
398,고급 제과 마스터과정,한국제과직업전문학교,45,1223460,20,46.2,36,서울,영등포구
399,케이크와 디저트 양성반,종로호텔제과직업전문학교,25,679700,16,48.3,32,서울,종로구
400,제과기능사 자격증 취득과정(필기+실기),성남외식조리직업전문학교,28,761260,18,34.1,33,경기,성남시
401,"제과 베이커리 디저트실무(케익,구움과자)",한솔제과제빵커피바리스타학원,45,1263460,20,40.4,38,서울,종로구
402,"제과, 제빵, 케이크디자이너 자격증 취득과정",아트요리제과제빵바리스타학원,70,1903160,20,,32,울산,중구
403,제과.제빵.케익 데코레이션 기능인 양성과정,부산제과기술학원,47,1916750,20,52.1,36,부산,부산진구
404,제과실기와 파티시에,한솔요리아카데미 강동,34,729700,14,47.9,36,서울,강동구
405,제과&제빵자격증취득및 취업과정,한국외식제과직업전문학교,55,1495340,18,44.9,33,대구,중구
406,제빵기능사실무과정,수원외식관광직업전문학교,33,897200,15,80.3,33,경기,수원시
407,제과제빵자격증&디저트실무 과정,한솔요리커피제과제빵학원,46,1250640,20,,33,부산,부산진구
408,케이크디자이너 및 초콜릿마스터 취득,한국제과직업전문학교,45,1223460,20,46.2,30,서울,영등포구
409,제과제빵기능사취득과정(이론+실기),김상엽제과제빵학원,42,1141890,10,31.3,32,서울,도봉구
410,제과 케익 데코레이션 자격증 취업,서울현대직업전문학교 디지털구로캠퍼스,22,883610,20,61.6,28,서울,구로구
411,제과제빵기능사 취득,한국제과직업전문학교,60,1631280,20,46.2,36,서울,영등포구
412,제과제빵기능사 자격증 취득과정,에프비아이제과제빵커피학원,41,1114700,20,35.3,43,경기,고양시
413,제빵기능사자격증취득과정[필기+실기],한국음식문화직업전문학교,27,734070,18,54.3,36,경기,성남시
414,제과제빵기능사취득,(주)한국외식조리직업전문학교,80,1631280,26,56.1,25,인천,부평구
415,"케이크데코레이션과 디저트실무(버터플라워,앙금플라워 포함)",경기외식직업전문학교,45,1223460,15,51.4,31,경기,수원시
416,제과&제빵자격증취득및 취업과정,한국외식제과직업전문학교,55,1495340,18,44.9,30,대구,중구
417,제과기능사 제빵기능사 자격증 취득과정(이론+실기),뉴브레인직업전문학교,28,1141890,15,,33,서울,구로구
418,제과디저트 및 커피음료 실무과정,둔산음식나라조리제과커피학원,38,990000,11,47.7,40,대전,서구
419,제과제빵기능사(실기)&실용 케익,신사제과제빵학원,52,1631280,16,23.9,33,서울,강남구
420,제과디저트 및 커피음료 실무과정,둔산음식나라조리제과커피학원,38,990000,11,47.7,28,대전,서구
421,제과제빵기능사 자격증 취득과정,에프비아이제과제빵커피학원,41,1114700,20,35.3,37,경기,고양시
422,제과제빵기능사 취득과정,한양요리제빵직업전문학교,40,1087520,18,45.8,31,경기,구리시
423,제과제빵이론과실기,경기외식직업전문학교,55,1495340,15,51.4,36,경기,수원시
424,제과제빵기능사 자격취득과정 (이론+실기),이화푸드조리제빵학원,51,1386580,16,49.1,25,대전,서구
425,제과 및 제빵기능사 자격 취득과정(이론+실기),이성실요리커피제빵학원,45,1223460,12,31.7,31,대구,북구
426,제과제빵 자격증과 케이크데코,종로호텔제과직업전문학교,60,1631280,20,48.3,30,서울,종로구
427,제과제빵기능사취득,몽상가인직업전문학교,30,815640,18,35.5,32,충남,천안시
428,제과제빵기능사자격취득과정,전북제과직업전문학교,56,1522520,16,32.7,32,전북,익산시
429,제과제빵기능사자격증취득과정,오산호텔요리제과제빵학원,28,1107910,9,61.8,33,경기,오산시
430,"(이론+실기) 제과,제빵기능사 자격취득",뉴영남요리제과제빵아카데미,52,1413770,10,25,25,경남,진주시
431,제과제빵 실기 자격증취득 및 케익데코,한솔제과제빵커피바리스타학원,50,1399400,20,40.4,34,서울,종로구
432,제과제빵 자격증 취득(실기),한주요리제과커피직업전문학교,45,1223460,14,50,29,경기,부천시
433,제과제빵기능사 취득,라임요리제과제빵학원,70,1631280,15,45.9,33,대구,북구
434,제빵기능사 자격증 취득과정(필기+실기),성남외식조리직업전문학교,27,734070,18,34.1,40,경기,성남시
435,제빵-웰빙천연발효식빵실무과정,한국외식제과직업전문학교,36,978770,18,44.9,45,대구,중구
436,"케이크데코레이션과 디저트실무(버터플라워,앙금플라워 포함)",경기외식직업전문학교,45,1223460,15,51.4,28,경기,수원시
437,케이크디자이너 자격증 취득과정,한국음식문화직업전문학교,20,543760,18,54.3,32,경기,성남시
438,제빵및제과기능사취득(이론+실기),김희진 요리제과제빵바리스타 학원,50,1359400,12,47.1,39,강원,춘천시
439,천연효모 발효빵,신사제과제빵학원,15,509770,10,23.9,40,서울,강남구
440,제과제빵기능사취득과정(이론+실기),중앙요리제과학원,63,1277830,12,,38,경기,광주시
441,제과&제빵기능사자격증취득(이론+실기),제일요리아카데미학원,52,1400180,10,,46,강원,춘천시
442,제과&제빵 기능사 자격증 취득 과정(이론+실기),국제조리직업전문학원,60,1631280,12,38.1,32,제주,제주시
443,제과제빵기능사 자격증 취득 및 케이크데커레이션,현대제과제빵요리전문학원,49,1631280,18,38.8,30,울산,남구
444,제과제빵기능사 자격증 취득과정,경희커피바리스타제과직업전문학원,50,1359400,20,,33,서울,영등포구
445,초콜릿과 디저트 기초반,종로호텔제과직업전문학교,20,407820,16,48.3,32,서울,종로구
446,천연발효건강빵,종로호텔제과직업전문학교,24,489380,20,48.3,39,서울,종로구
447,과정평가형 제과기능사,효성직업능력개발원,83,3596540,20,,33,대구,달서구
448,제빵기능사 취득과정(이론 및 실기),김지순요리제과직업전문학교,30,815640,16,31,36,제주,제주시
449,제과기능사 자격증 취득과정(필기+실기),성남외식조리직업전문학교,28,761260,18,34.1,34,경기,성남시
450,제과&제빵 기능사 자격증 취득 과정(이론+실기),국제조리직업전문학원,60,1631280,12,38.1,36,제주,제주시
451,제과제빵기능사 자격증 취득과정(이론+실기),제천제빵커피학원,50,1459400,18,,43,충북,제천시
452,케이크 데코 및 디저트 실용과정,궁전제과(주)광주제과기술학원,60,1223460,15,48.5,28,광주,북구
453,케이크와 디저트 양성반,종로호텔제과직업전문학교,25,679700,16,48.3,27,서울,종로구
454,(제과기능사+제빵기능사)자격증 과정,궁전요리제빵직업전문학교,44,1196270,20,48.4,32,전북,전주시
455,제과기능사자격증취득과정[필기+실기],한국음식문화직업전문학교,27,734070,18,54.3,33,경기,성남시
456,제과제빵기능사 취득 과정,궁전제과(주)광주제과기술학원,60,1427370,20,48.5,29,광주,북구
457,제과기능사/제빵기능사 자격 취득과정(이론+실기),마산제과제빵전문학원,64,1522520,20,30.5,35,경남,창원시
458,카페제과디저트취업과정,(주)씨아이케이한국외식조리직업전문학교(CIK),60,1223460,20,50.9,33,경기,부천시
459,제과제빵기능사 취득과정(이론 및 실기),김지순요리제과직업전문학교,50,1359400,16,31,33,제주,제주시
460,"케이크디자이너양성과정(레터링,플라워,캐릭터,입체.슈가케이크)",티니케익아트학원,25,799700,15,37.5,31,서울,성동구
461,"플라워케이크기초(크림플라워,앙금플라워떡케이크)",티니케익아트학원,25,799700,15,37.5,29,서울,성동구
462,제과제빵기능사 취득과정(이론&실기),한선생직업전문학교,53,1080720,10,42.9,45,경기,수원시
463,제과제빵기능사케이크과정,(주)한국외식조리직업전문학교 연수점,90,1835190,27,52.5,33,인천,연수구
464,제과제빵기능사취득,몽상가인직업전문학교,24,815640,18,35.5,17,충남,천안시
465,제과제빵기능사 자격증 취득과정,에프비아이제과제빵커피학원,41,1114700,20,35.3,31,경기,고양시
466,"제과제빵기능사취득과정(필기,실기)",쇼콜라띠에제과제빵직업전문학교,54,1468150,18,54.3,30,경기,수원시
467,제과제빵기능사 자격증 취득과정,남경성요리제빵커피직업전문학교,60,1631280,18,67.6,33,강원,원주시
468,제과제빵이론과실기,경기외식직업전문학교,55,1495340,15,51.4,31,경기,수원시
469,유럽빵 및 디저트 과정,에프비아이제과제빵커피학원,40,1087520,20,35.3,38,경기,고양시
470,제과제빵기능사 자격취득과정 (이론+실기),이화푸드조리제빵학원,51,1386580,16,49.1,28,대전,서구
471,떡 제조기능사 자격 취득과정(이론+실기),이화푸드조리제빵학원,20,543760,18,49.1,43,대전,서구
472,제과제빵 기능인력 양성과정,The국제직업전문학교,60,1427370,15,25,35,광주,광산구
473,카페디저트실무양성과정,중앙요리제과학원,27,550550,12,,41,경기,광주시
474,제빵&제과기능사 자격증 취득,궁전요리제빵미용직업전문학교,45,1223460,18,60.7,27,전북,전주시
475,제과제빵기능사자격증취득과정,대구제과제빵커피학원,50,1359400,20,47.1,27,대구,중구
476,제과제빵자격증(이론+실기) 및 케익디자이너,현대제과제빵요리전문학원,50,1685650,18,38.8,35,울산,남구
477,제과제빵기능사 취득과 케이크 데코레이션,의정부 직업전문학교,55,1495340,18,42.6,29,경기,의정부시
478,디저트_케이크 실무양성과정,(주)상록호텔조리직업전문학교,40,951580,20,60.5,35,인천,계양구
479,제과제빵기능사 자격증 취득과정,충주제빵커피학원,57,1549710,18,,35,충북,충주시
480,제과제빵기능사(실기)&실용 케익,신사제과제빵학원,52,1631280,16,23.9,33,서울,강남구
481,제과&제빵 기능사 자격증 취득 과정(이론+실기),국제조리직업전문학원,60,1631280,12,38.1,36,제주,제주시
482,제과제빵 자격취득과정,음식나라조리학원,53,1182670,15,38.1,38,전북,전주시
483,"구움과자 쁘띠디저트(마카롱,에클레어,슈,타르트,쉬폰,파운드)",티니케익아트학원,25,829700,15,37.5,33,서울,성동구
484,제과기능사실기,"한쿡외식문화학원(요리,제과제빵,바리스타,조리)",21,496180,18,64.3,32,경기,용인시
485,"파티케이크(레터링,플라워,숫자케이크&마카롱)마스터",티니케익아트학원,25,859700,15,37.5,29,서울,성동구
486,제빵기능사 제과기능사 자격증 취득(이론+실기),뉴브레인직업전문학교,26,1039940,12,,39,서울,구로구
487,"제빵현장실무과정(천연발효종,특수빵)",김상엽제과제빵학원,32,895010,10,31.3,43,서울,도봉구
488,제빵실기와 유럽건강빵,한솔요리아카데미 강동,23,974390,14,47.9,38,서울,강동구
489,제과제빵기능사 실기 및 케익데코 디저트 과정,서울호텔제과제빵요리직업전문학교,56,1522520,20,50.7,33,서울,광진구
490,제과제빵기능사 취득,한국제과직업전문학교,60,1631280,20,46.2,41,서울,영등포구
491,제과기능사 자격증 취득과정(이론+실기),올리브요리제과커피학원,38,774850,15,,40,경남,창원시
492,고급디저트 및 케이크 초콜릿 자격증과정(이론+실기),김상엽제과제빵학원,45,1253840,10,31.3,38,서울,도봉구
493,제과디저트&커피추출 실무과정,대구제과제빵커피학원,45,1223460,18,47.1,36,대구,중구
494,제과제빵자격증과정(이론/실기),수영제과제빵직업전문학교,45,1223460,24,50.6,33,부산,수영구
495,제과.제빵기능인 양성과정,부산제과기술학원,60,1631280,18,52.1,29,부산,부산진구
496,제과&제빵기능사(필기+실기) 자격취득,광주국제직업전문학교,69,1631280,12,39.1,25,광주,북구
497,제빵기능사취득과정,한국호텔직업전문학교,22,598130,20,,35,서울,서초구
498,제과카페디저트케이크취업과정,(주)한국외식조리직업전문학교,60,1223460,20,56.1,30,인천,부평구
499,제과디저트케이크현장실무과정,(주)한국외식조리직업전문학교 연수점,60,1223460,27,52.5,39,인천,연수구
500,"제과제빵자격증과정(이론,실기)",은성제과제빵커피학원,55,1495340,12,42.9,36,경남,김해시
501,카페 제과 디저트 케익실기,간석외식직업전문학교,34,815640,20,38.5,34,인천,남동구
502,제과제빵기능사취득(실기)과정,명성요리제과제빵학원,40,1087520,16,,39,전북,군산시
503,카페제과디저트취업과정,(주)씨아이케이한국외식조리직업전문학교(CIK),60,1223460,20,50.9,41,경기,부천시
504,제과기능사취득과정,한국호텔직업전문학교,22,598130,20,,41,서울,서초구
505,"제과 베이커리 디저트실무(케익,구움과자)",한솔제과제빵커피바리스타학원,45,1263460,20,40.4,36,서울,종로구
506,(실기)제과.제빵기능사+케이크 데코레이션 과정,엠제빵커피학원,43,1169080,18,25.9,37,울산,남구
507,제과제빵기능사 취득 과정,궁전제과(주)광주제과기술학원,60,1427370,20,48.5,31,광주,북구
508,제과제빵 자격증과 케이크데코,종로호텔제과직업전문학교,60,1631280,20,48.3,34,서울,종로구
509,"제과제빵 기능사 자격증 취득,취업과정(필기+실기)",서울현대직업전문학교 디지털구로캠퍼스,27,1101110,20,61.6,30,서울,구로구
510,제과제빵기능사 자격증 취득과정,에프비아이제과제빵커피학원,41,1114700,10,35.3,30,경기,고양시
511,제과제빵기능사 자격취득 및 실무 과정,(사)한국경영기술개발원부설제주직업전문학원,50,1359400,18,,45,제주,제주시
512,(케이크+초콜릿)디저트 실무자 양성과정,궁전요리제빵직업전문학교,29,679700,20,48.4,36,전북,전주시
513,제과제빵기능사 취득과정(이론&실기),한선생직업전문학교,53,1080720,10,42.9,36,경기,수원시
514,제과기능사 취득(실기),김천요리제과직업전문학교,28,570940,12,36.4,45,경북,김천시
515,제과 디저트 실무,신사제과제빵학원,25,509770,10,23.9,37,서울,강남구
516,제과제빵기능사취득과정(이론+실기),한국호텔관광실용전문학교,64,1305020,20,69,37,경기,안산시
517,"제과제빵기능사 취득과정(필기,실기)",목포국제직업전문학교,50,1359400,20,45.7,39,전남,목포시
518,제과제빵기능사 자격증 취득과정,에프비아이제과제빵커피학원,41,1114700,20,35.3,37,경기,고양시
519,[이론+실기]제과제빵 기능사 자격증 취득과정,한미제과제빵커피학원,51,1325410,20,27.8,38,서울,동대문구
520,천연효모 발효빵,신사제과제빵학원,15,509770,10,23.9,40,서울,강남구
521,제과제빵기능사자격취득과정,전북제과직업전문학교,56,1522520,16,32.7,32,전북,익산시
522,제빵및제과기능사취득(이론+실기),김희진 요리제과제빵바리스타 학원,50,1359400,12,47.1,45,강원,춘천시
523,제과제빵기능사자격증실기,동아제과제빵기술학원,37,1027820,15,43.8,38,서울,영등포구
524,제과-케익데코 및 디저트심화과정,한국외식제과직업전문학교,35,951580,15,44.9,32,대구,중구
525,제과제빵기능사자격증취득(이론+실기),비앤씨요리제과제빵학원,51,1386580,12,27.3,31,경기,안양시
526,케이크 데코레이션 실무과정,종로호텔제과직업전문학교,24,489380,20,48.3,31,서울,종로구
527,제과제빵기능사자격증 실기,동아제과제빵기술학원,37,1027820,15,43.8,32,서울,영등포구
528,제과 및 제빵기능사 자격 취득과정(이론+실기),이성실요리커피제빵학원,45,1223460,12,31.7,36,대구,북구
529,제과제빵기능사취득,광산음식나라조리학원,54,1264240,10,40,37,광주,광산구
530,제과&제빵기능사자격증취득(이론+실기),제일요리아카데미학원,52,1400180,10,,35,강원,춘천시
531,제과제빵기능사 케이크디자이너 취득 및 실무자 양성과정,둔산음식나라조리제과커피학원,60,1584000,18,47.7,31,대전,서구
532,제빵기능사자격증취득과정[필기+실기],한국음식문화직업전문학교,27,734070,18,54.3,32,경기,성남시
533,케이크와 디저트 양성반,종로호텔제과직업전문학교,25,679700,16,48.3,29,서울,종로구
534,제과제빵기능사취업과정,(주)한국외식조리직업전문학교,70,1427370,24,56.1,31,인천,부평구
535,제과제빵 현장실무(제빵기능사+제과기능사),간석외식직업전문학교,45,1223460,20,38.5,27,인천,남동구
536,천연발효 건강빵과 카페 디저트,한양요리제빵직업전문학교,26,543760,18,45.8,42,경기,구리시
537,(과정평가형)제과기능사 취득과정,한국산업연수원충북직업전문학교(주),67,2890080,20,,31,충북,청주시
538,제과제빵기능사 자격증 취득과 케이크 데코레이션,한양요리제빵직업전문학교,55,1495340,18,45.8,39,경기,구리시
539,제과제빵기능사 취득과정,검단직업능력개발학원,50,1359400,16,41.4,31,인천,서구
540,제과제빵기능사 취득(이론+실기)및 건강빵,한솔제과제빵커피바리스타학원,50,1399400,16,40.4,36,서울,종로구
541,제과제빵기능사및케이크,은성제과제빵커피학원,60,1631280,12,42.9,30,경남,김해시
542,제과제빵 기능사 취득과정,전남요리제빵학원,50,1359400,18,,31,전남,순천시
543,커피 바리스타 파티쉐 취업,서울현대직업전문학교 디지털구로캠퍼스,25,1019550,18,61.6,32,서울,구로구
544,제과제빵기능사취득,(주)한국외식조리직업전문학교,80,1631280,26,56.1,28,인천,부평구
545,"제과, 제빵, 케이크디자이너 자격증 취득과정",아트요리제과제빵바리스타학원,70,1903160,20,,33,울산,중구
546,제과제빵기능사취득과정,(주)한국외식조리직업전문학교 연수점,70,1427370,27,52.5,36,인천,연수구
547,제과제빵기능사취득(실기)과정,명성요리제과제빵학원,40,1087520,16,,44,전북,군산시
548,베이커리 실무과정,검단직업능력개발학원,40,815640,12,41.4,35,인천,서구
549,제과제빵기능사취득과정(이론+실기),한국호텔관광실용전문학교,64,1305020,20,69,33,경기,안산시
550,제과제빵자격증취득,봄뜰제과제빵학원,50,1359400,10,50,34,부산,사하구
551,천연발효건강빵,종로호텔제과직업전문학교,24,489380,20,48.3,38,서울,종로구
552,제과기능사 자격 취득과정(이론+실기),마산제과제빵전문학원,40,815640,20,30.5,33,경남,창원시
553,제과제빵기능사 및 케이크디자이너2급 자격증 취득 실무 과정,대전음식나라조리제과제빵학원,60,1631280,16,36.7,30,대전,중구
554,제과&제빵자격증취득및 취업과정,한국외식제과직업전문학교,55,1495340,18,44.9,33,대구,중구
555,제과제빵기능사 자격증 취득과정(이론+실기),제천제빵커피학원,50,1459400,18,,38,충북,제천시
556,제과제빵 자격증과 천연발효빵,종로호텔제과직업전문학교,60,1631280,20,48.3,33,서울,종로구
557,떡 제조기능사 자격 취득과정(이론+실기),이화푸드조리제빵학원,20,543760,18,49.1,33,대전,서구
558,제과제빵기능사 취득,라임요리제과제빵학원,60,1631280,15,45.9,29,대구,북구
559,"20_디저트(마카롱,타르트,쿠키)와 바리스타 자격 취득",한국조리사관직업전문학교,20,679700,20,42.1,38,서울,금천구
560,제과제빵기능사취득,몽상가인직업전문학교,30,815640,18,35.5,32,충남,천안시
561,제과제빵기능사 자격증과정,베이커탑제과커피직업전문학교,45,1073920,12,53.6,27,경기,의정부시
562,제과제빵자격증대비반(이론/실기),수영제과제빵직업전문학교,45,1223460,24,50.6,32,부산,수영구
563,제과제빵기능사 취득과정(이론+실기),엠제빵커피학원,43,1169080,18,25.9,31,울산,남구
564,제과기능사실무과정,수원외식관광직업전문학교,32,870010,15,80.3,31,경기,수원시
565,제빵기능사 자격증 취득과정(이론+실기),올리브요리제과커피학원,34,924390,15,,36,경남,창원시
566,제과-케익데코 및 디저트심화과정,한국외식제과직업전문학교,35,951580,15,44.9,28,대구,중구
567,제과기능사 제빵기능사 자격증 취득과정(이론+실기),뉴브레인직업전문학교,28,1141890,15,,35,서울,구로구
568,제과제빵실기 한번에 취득과정,한솔요리아카데미 강동,48,1028760,14,47.9,35,서울,강동구
569,제과제빵기능사 자격증 취득과정,에프비아이제과제빵커피학원,41,1114700,10,35.3,40,경기,고양시
570,제과실기와 파티시에,한솔요리아카데미 강동,34,729700,14,47.9,36,서울,강동구
571,제과제빵기능사자격증취득및실무과정,오산호텔요리제과제빵학원,39,1515730,9,61.8,25,경기,오산시
572,제과기능사 취득(실기),김천요리제과직업전문학교,28,570940,12,36.4,29,경북,김천시
573,베이커리자격증(제빵+제과),한솔요리커피제과제빵아카데미,50,1359400,20,47.8,39,서울,노원구
574,제과제빵기능사(이론+실기) 및 케익디자이너,현대제과제빵요리전문학원,54,1821590,18,38.8,27,울산,남구
575,제과제빵이론과실기,경기외식직업전문학교,55,1495340,15,51.4,28,경기,수원시
576,제과제빵 케이크 현장실무(제빵기능사+제과기능사+케익데코),간석외식직업전문학교,60,1631280,15,38.5,28,인천,남동구
577,제빵기능사 실기,"한쿡외식문화학원(요리,제과제빵,바리스타,조리)",24,570940,18,64.3,36,경기,용인시
578,제과제빵기능사 취득과정(이론+실기),해성요리제과제빵학원,55,1495340,20,41.7,26,인천,미추홀구
579,케이크데코레이션과정,대구제과제빵커피학원,40,1087520,18,47.1,30,대구,중구
580,제과 및 제빵기능사 취득과정,(주)상록호텔조리직업전문학교,69,1631280,30,60.5,35,인천,계양구
581,"(이론+실기) 제과,제빵기능사 자격취득",뉴영남요리제과제빵아카데미,52,1413770,10,25,35,경남,진주시
582,제과제빵기능사자격증취득과정,대구제과제빵커피학원,60,1631280,18,47.1,31,대구,중구
583,제과제빵자격증/케익실무,봄뜰제과제빵학원,60,1631280,12,50,32,부산,사하구
584,제빵&제과기능사 자격증 취득,궁전요리제빵미용직업전문학교,45,1223460,18,60.7,35,전북,전주시
585,제과제빵기능사 자격증과정,베이커탑제과커피직업전문학교,45,1073920,12,53.6,40,경기,의정부시
586,"케이크디자이너양성과정(레터링,플라워,캐릭터,입체.슈가케이크)",티니케익아트학원,25,799700,15,37.5,32,서울,성동구
587,쇼콜라티에반,종로호텔제과직업전문학교,20,407820,16,48.3,29,서울,종로구
588,제과기능사자격증취득과정[필기+실기],한국음식문화직업전문학교,36,734070,18,54.3,33,경기,성남시
589,"플라워케이크기초(크림플라워,앙금플라워떡케이크)",티니케익아트학원,25,799700,15,37.5,31,서울,성동구
590,제과+제빵기능사 자격증 취득과정(이론+실기),한국조리사관직업전문학교,25,1359400,30,42.1,34,서울,금천구
591,천연효모 발효빵,신사제과제빵학원,15,509770,10,23.9,35,서울,강남구
592,제과제빵기능사 자격증 취득과정,충주제빵커피학원,57,1549710,18,,38,충북,충주시
593,케이크와 디저트 양성반,종로호텔제과직업전문학교,25,679700,16,48.3,31,서울,종로구
594,제과디저트 및 커피음료 실무과정,둔산음식나라조리제과커피학원,37,990000,11,47.7,29,대전,서구
595,제과제빵기능사 자격증 취득과정,에프비아이제과제빵커피학원,41,1114700,20,35.3,37,경기,고양시
596,천연발효 건강빵과 카페 디저트,한양요리제빵직업전문학교,20,543760,18,45.8,41,경기,구리시
597,제과제빵기능사취득과정,(주)씨아이케이한국외식조리직업전문학교(CIK),80,1631280,26,50.9,35,경기,부천시
598,천연 발효종을 활용한 제빵실무,한국제과직업전문학교,50,1359400,20,46.2,40,서울,영등포구
599,제과&제빵자격증취득및 취업과정,한국외식제과직업전문학교,55,1495340,18,44.9,36,대구,중구
600,제빵기능사 제과기능사 자격증 취득(이론+실기),뉴브레인직업전문학교,26,1039940,12,,31,서울,구로구
601,"20_디저트(마카롱,타르트,쿠키)와 바리스타 자격 취득",한국조리사관직업전문학교,15,679700,20,42.1,32,서울,금천구
602,제과제빵 자격증과 케이크데코,종로호텔제과직업전문학교,60,1631280,20,48.3,30,서울,종로구
603,"파티케이크(레터링,플라워,숫자케이크&마카롱)마스터",티니케익아트학원,25,859700,15,37.5,34,서울,성동구
604,제과제빵기능사 취득 (이론+실기),경남요리제과제빵커피학원,45,1223460,18,38.9,34,경남,창원시
605,제과제빵기능사 자격증 취득과정,에프비아이제과제빵커피학원,41,1114700,20,35.3,33,경기,고양시
606,제빵기능사 자격취득 과정(이론+실기),광양요리제과직업전문학교,40,951580,10,82.4,36,전남,광양시
607,고급 제과 마스터과정,한국제과직업전문학교,45,1223460,20,46.2,38,서울,영등포구
608,제과기능사자격증취득과정[필기+실기],한국음식문화직업전문학교,27,734070,18,54.3,33,경기,성남시
609,제과.제빵기능사 과정,부산제과기술학원,57,1549710,18,52.1,30,부산,부산진구
610,"구움과자 쁘띠디저트(마카롱,에클레어,슈,타르트,쉬폰,파운드)",티니케익아트학원,25,829700,15,37.5,34,서울,성동구
611,(2020 과정평가형) 제과기능사 자격 취득 과정,서울현대직업전문학교 디지털구로캠퍼스,51,2890080,20,61.6,31,서울,구로구
612,제과제빵 기능사 및 케익데코 디저트 과정,서울호텔제과제빵요리직업전문학교,56,1712840,20,50.7,29,서울,광진구
613,"케이크데코레이션과 디저트실무(버터플라워,앙금플라워 포함)",경기외식직업전문학교,45,1223460,15,51.4,31,경기,수원시
614,제과디저트케이크현장실무과정,(주)한국외식조리직업전문학교 연수점,60,1223460,27,52.5,37,인천,연수구
615,"제과 베이커리 디저트실무(케익,구움과자)",한솔제과제빵커피바리스타학원,45,1263460,20,40.4,38,서울,종로구
616,제과제빵 실기 자격증취득 및 케익데코,한솔제과제빵커피바리스타학원,50,1399400,20,40.4,31,서울,종로구
617,제과제빵 기능사 자격증 취득과정,아트요리제과제빵바리스타학원,60,1631280,20,,31,울산,중구
618,제과제빵실기와 케익데코레이션,한솔요리아카데미 강동,28,1164700,14,47.9,30,서울,강동구
619,제과카페브런치/케익디자이너,봄뜰제과제빵학원,40,1087520,10,50,32,부산,사하구
620,떡 제조기능사 자격 취득과정(이론+실기),이화푸드조리제빵학원,20,543760,18,49.1,44,대전,서구
621,디저트실무 양성과정,음식나라조리학원,34,693290,12,38.1,39,전북,전주시
622,"제과,제빵 자격증 취득",서울현대직업전문학교 디지털구로캠퍼스,25,1019550,20,61.6,31,서울,구로구
623,제과제빵기능사취득,몽상가인직업전문학교,30,815640,18,35.5,28,충남,천안시
624,제과 및 제빵기능사 자격 취득과정(이론+실기),이성실요리커피제빵학원,45,1223460,12,31.7,35,대구,북구
625,제과.제빵.케익 데코레이션 기능인 양성과정,부산제과기술학원,47,1916750,20,52.1,29,부산,부산진구
626,"제과제빵실무과정(발효빵,초콜릿,케이크,구움과자)",쇼콜라띠에제과제빵직업전문학교,55,1495340,18,54.3,34,경기,수원시
627,"제과,제빵기능사 자격취득과정",new광주직업전문학교(북구),52,1563310,20,,30,광주,북구
628,제과제빵기능사 자격증 과정(이론+실기),대전음식나라조리제과제빵학원,60,1427370,16,36.7,29,대전,중구
629,제과제빵기능사자격증취득과정,오산호텔요리제과제빵학원,27,1107910,9,61.8,34,경기,오산시
630,제과기능사+제빵기능사취득과정(이론+실기),제일요리아카데미학원,42,1141890,10,,32,강원,춘천시
631,"케이크데코레이션과 디저트실무(버터플라워,앙금플라워 포함)",경기외식직업전문학교,45,1223460,15,51.4,33,경기,수원시
632,(케이크+초콜릿)디저트 실무자 양성과정,궁전요리제빵직업전문학교,29,679700,20,48.4,34,전북,전주시
633,제과제빵기능사 자격증 취득 및 케이크데커레이션,현대제과제빵요리전문학원,48,1631280,18,38.8,47,울산,남구
634,제과디저트 및 커피음료 실무과정,둔산음식나라조리제과커피학원,39,990000,11,47.7,31,대전,서구
635,케이크 데코 및 디저트 실용과정,궁전제과(주)광주제과기술학원,60,1223460,15,48.5,30,광주,북구
636,케이크와 디저트 양성반,종로호텔제과직업전문학교,25,679700,16,48.3,35,서울,종로구
637,제과제빵기능사 케이크디자이너 자격취득과 실무과정,둔산음식나라조리제과커피학원,63,1584000,18,47.7,32,대전,서구
638,제과제빵기능사 자격증 취득과정,남경성요리제빵커피직업전문학교,60,1631280,18,67.6,37,강원,원주시
639,제과제빵기능사 자격취득과정 (이론+실기),이화푸드조리제빵학원,51,1386580,16,49.1,29,대전,서구
640,제빵기능사 자격증 취득과정(필기+실기),한국음식문화직업전문학교,27,734070,18,54.3,32,경기,성남시
641,제과제빵 자격증 취득(실기),한주요리제과커피직업전문학교,45,1223460,14,50,32,경기,부천시
642,제과제빵 자격증과 케이크데코,종로호텔제과직업전문학교,60,1631280,20,48.3,31,서울,종로구
643,제빵자격증취득과정,통영제과제빵커피전문학원,36,978760,16,,41,경남,통영시
644,제과제빵기능사 자격증 취득과정,에프비아이제과제빵커피학원,41,1114700,20,35.3,33,경기,고양시
645,제과제빵기능사 취득과 케이크 데코레이션,의정부 직업전문학교,55,1495340,18,42.6,32,경기,의정부시
646,[과정평가형]제빵기능사 취득과정_2020년,한국음식문화직업전문학교,117,4174560,12,54.3,33,경기,성남시
647,케이크디자이너 및 초콜릿마스터 취득,한국제과직업전문학교,45,1223460,20,46.2,34,서울,영등포구
648,제과자격증취득과정,한국호텔직업전문학교,22,598130,20,,30,서울,서초구
649,제과제빵기능사 및 떡제조기능사 취득(이론/실기),전주요리제과제빵학원,62,1672060,18,63.9,33,전북,전주시
650,제과디저트케이크현장실무과정,(주)한국외식조리직업전문학교,80,1631280,20,56.1,33,인천,부평구
651,제빵및제과기능사취득(이론+실기),김희진 요리제과제빵바리스타 학원,50,1359400,12,47.1,38,강원,춘천시
652,제과&제빵자격증취득및 취업과정,한국외식제과직업전문학교,55,1495340,18,44.9,31,대구,중구
653,제과제빵기능사 취득과 케이크데코,한양요리제빵직업전문학교,59,1604090,18,45.8,31,경기,구리시
654,"제과제빵자격증과정(이론,실기)",은성제과제빵커피학원,55,1495340,12,42.9,37,경남,김해시
655,제과 제빵기능사 및 떡제조기능사 자격취득 (실기)과정,군산명문요리직업전문학교,42,1141890,20,,40,전북,군산시
656,"제과기능사,제빵기능사(이론+실기)자격취득과정",월드호텔요리제과커피학원,22,829230,12,93.3,29,경기,수원시
657,유럽빵 및 디저트 과정,에프비아이제과제빵커피학원,40,1087520,20,35.3,37,경기,고양시
658,제과 디저트 실무,신사제과제빵학원,25,509770,10,23.9,29,서울,강남구
659,제과제빵 현장실무(제빵기능사+제과기능사),간석외식직업전문학교,45,1223460,20,38.5,27,인천,남동구
660,케이크 & 디저트과정,한국음식문화직업전문학교,25,679700,18,54.3,34,경기,성남시
661,베이커리자격증(제빵+제과),한솔요리커피제과제빵아카데미,50,1359400,20,47.8,34,서울,노원구
662,제과제빵자격증/취업반,봄뜰제과제빵학원,60,1631280,12,50,33,부산,사하구
663,카페 디저트 마스터반,종로호텔제과직업전문학교,20,407820,20,48.3,33,서울,종로구
664,제과제빵기능사취득(실기)과정,명성요리제과제빵학원,40,1087520,16,,38,전북,군산시
665,"20_디저트(마카롱,타르트,쿠키)와 바리스타 자격 취득",한국조리사관직업전문학교,14,679700,20,42.1,36,서울,금천구
666,제과제빵기능사자격증취득(이론+실기),비앤씨요리제과제빵학원,51,1386580,12,27.3,33,경기,안양시
667,"(이론+실기) 제과,제빵기능사 자격취득",뉴영남요리제과제빵아카데미,52,1413770,10,25,30,경남,진주시
668,제과제빵기능사취득,광산음식나라조리학원,54,1264240,10,40,30,광주,광산구
669,"제빵현장실무과정(천연발효종,특수빵)",김상엽제과제빵학원,32,895010,10,31.3,44,서울,도봉구
670,(제과기능사+제빵기능사)자격증 과정,궁전요리제빵직업전문학교,44,1196270,20,48.4,29,전북,전주시
671,제빵자격증취득과정,통영제과제빵커피전문학원,36,978760,16,,37,경남,통영시
672,제과기능사 자격증 취득과정(필기+실기),성남외식조리직업전문학교,28,761260,18,34.1,36,경기,성남시
673,제과&제빵자격증취득및 취업과정,한국외식제과직업전문학교,55,1495340,18,44.9,28,대구,중구
674,천연발효건강빵,종로호텔제과직업전문학교,24,489380,20,48.3,35,서울,종로구
675,"구움과자 디저트과정(마카롱,에클레어,슈,타르트,쉬폰,파운드)",한솔요리커피제과제빵아카데미,26,693290,12,47.8,32,서울,노원구
676,제과제빵기능사자격증 실기,동아제과제빵기술학원,37,1027820,15,43.8,28,서울,영등포구
677,제과제빵자격증취득 및 케이크데코레이션기초과정,연산국제제빵커피학원,55,1495340,16,32.6,29,부산,연제구
678,제과제빵 실기 자격증취득 및 케익데코,한솔제과제빵커피바리스타학원,50,1399400,20,40.4,35,서울,종로구
679,제과 카페디저트 실무반,한주요리제과커피직업전문학교,28,761260,14,50,37,경기,부천시
680,제과기능사+제빵기능사취득과정(이론+실기),제일요리아카데미학원,42,1141890,10,,41,강원,춘천시
681,제과 및 제빵기능사 취득과정,에프비아이제과제빵커피학원,44,1196270,10,35.3,41,경기,고양시
682,제빵&제과기능사 자격증 취득,궁전요리제빵미용직업전문학교,45,1223460,18,60.7,35,전북,전주시
683,제과-케익데코레이션 과정,부산제과기술학원,35,951580,16,52.1,32,부산,부산진구
684,제과제빵기능사(실기)&실용 케익,신사제과제빵학원,51,1631280,16,23.9,38,서울,강남구
685,제과제빵기능사 취득,한국제과직업전문학교,60,1631280,20,46.2,31,서울,영등포구
686,제과제빵기능사취득과정(이론+실기),김상엽제과제빵학원,42,1141890,10,31.3,33,서울,도봉구
687,제과기능사 자격증 취득과정(이론+실기),올리브요리제과커피학원,38,774850,15,,37,경남,창원시
688,제과제빵기능사자격취득과정,전북제과직업전문학교,56,1522520,16,32.7,36,전북,익산시
689,"플라워케이크마스터 자격증취득 및 양성과정(기초,심화,오브제)",라크렘제과실용전문학교,41,1818000,16,20.8,36,서울,성동구
690,"제과기능사,제빵기능사 자격증 취득과정(이론+실기)",엠제빵커피학원,38,1033140,15,25.9,29,울산,남구
691,제빵자격증취득과정,한국호텔직업전문학교,22,598130,20,,40,서울,서초구
692,초콜릿과 디저트 기초반,종로호텔제과직업전문학교,20,407820,16,48.3,33,서울,종로구
693,제과기능사실기,"한쿡외식문화학원(요리,제과제빵,바리스타,조리)",21,496180,18,64.3,38,경기,용인시
694,제과제빵기능사 자격증 취득과정(이론+실기),제천제빵커피학원,50,1459400,18,,41,충북,제천시
695,카페 제과 디저트 케익실기,간석외식직업전문학교,34,815640,20,38.5,34,인천,남동구
696,제과제빵기능사 자격취득과정 (이론+실기),이화푸드조리제빵학원,51,1386580,16,49.1,35,대전,서구
697,제과제빵자격증과정(이론/실기),수영제과제빵직업전문학교,45,1223460,24,50.6,29,부산,수영구
698,제과제빵과 케이크데코레이션,경기외식직업전문학교,65,1767220,15,51.4,27,경기,수원시
699,(실기)제과.제빵기능사+케이크 데코레이션 과정,엠제빵커피학원,43,1169080,18,25.9,35,울산,남구
700,제빵기능사실무과정,수원외식관광직업전문학교,33,897200,15,80.3,44,경기,수원시
701,제과 제빵기능사 및 떡제조기능사 자격취득 (실기)과정,군산명문요리직업전문학교,42,1141890,20,,39,전북,군산시
702,제과제빵기능사자격증 실기,동아제과제빵기술학원,37,1027820,15,43.8,34,서울,영등포구
703,제빵기능사 자격증 취득과정(필기+실기),성남외식조리직업전문학교,27,734070,18,34.1,43,경기,성남시
704,제과제빵기능사자격증실기,동아제과제빵기술학원,37,1027820,15,43.8,31,서울,영등포구
705,[이론+실기]제과제빵 기능사 자격증 취득과정,한미제과제빵커피학원,51,1325410,20,27.8,31,서울,동대문구
706,제과제빵기능사자격증취득과정,대구제과제빵커피학원,60,1631280,18,47.1,32,대구,중구
707,제과&제빵기능사(필기+실기) 자격취득,광주국제직업전문학교,62,1631280,12,39.1,26,광주,북구
708,케이크데코레이션과정,대구제과제빵커피학원,40,1087520,18,47.1,31,대구,중구
709,제과제빵자격취득(이론&실기),한선생직업전문학교,47,958370,10,42.9,50,경기,수원시
710,케이크디자이너 자격증취득하기,궁전요리제빵미용직업전문학교,36,958370,18,60.7,28,전북,전주시
711,제과제빵기능사취득(실기)과정,명성요리제과제빵학원,40,1087520,16,,38,전북,군산시
712,"(일반고 특화) 제과기능사, 커피바리스타 자격증 취득",로이문화예술실용전문학교,87,3860870,25,,17,인천,부평구
713,제과제빵자격증취득 및 디저트 입문과정,연산국제제빵커피학원,57,1549710,16,32.6,37,부산,연제구
714,(일반고특화) 특수학급 제과제빵기능사 자격증 취득 취업실무 과정,한국제과직업전문학교,88,3874470,20,46.2,17,서울,영등포구
715,제과제빵기능사 취득(실기+이론) & 디저트전문가 양성,현대제과제빵요리전문학원,48,1631280,18,38.8,43,울산,남구
716,제과제빵기능사 취득과정(이론 및 실기),김지순요리제과직업전문학교,50,1359400,16,31,30,제주,제주시
717,제과 및 제빵기능사 자격 취득과정(이론+실기),이성실요리커피제빵학원,45,1223460,12,31.7,34,대구,북구
718,제과제빵 자격취득과정,음식나라조리학원,53,1182670,15,38.1,35,전북,전주시
719,제과디저트 및 커피음료 실무과정,둔산음식나라조리제과커피학원,34,990000,11,47.7,33,대전,서구
720,케이크디자이너 자격증취득하기,궁전요리제빵미용직업전문학교,36,958370,18,60.7,27,전북,전주시
721,(일반고특화) 제과제빵기능사&커피바리스타(1급+2급)자격취득과정,광주국제직업전문학교,79,3874470,18,39.1,17,광주,북구
722,제과제빵기능사 자격증 취득과정(이론+실기),충주제빵커피학원,50,1459400,18,,38,충북,충주시
723,제빵기능사 취득(실기),김천요리제과직업전문학교,28,761260,12,36.4,44,경북,김천시
724,제과제빵기능사 자격증 취득과정(이론+실기),남경성요리제빵커피직업전문학교,50,1459400,18,67.6,43,강원,원주시
725,제과제빵기능사 취득(이론+실기),라임요리제과제빵학원,46,937980,15,45.9,28,대구,북구
726,제과디저트케익,음식나라조리학원,44,897200,18,30.8,39,대구,달서구
727,제과제빵과 케이크데코레이션,경기외식직업전문학교,65,1767220,15,51.4,37,경기,수원시
728,앙금플라워데코마스터(떡케이크),티니케익아트학원,25,799700,15,37.5,35,서울,성동구
729,제과제빵기능사 취득과정,한양요리제빵직업전문학교,40,1087520,18,45.8,32,경기,구리시
730,제과기능사 취득과정(이론+실기),경기제과제빵학원,25,679700,18,,34,경기,남양주시
731,"케이크디자이너양성과정(레터링,플라워,캐릭터,입체.슈가케이크)",티니케익아트학원,25,799700,15,37.5,31,서울,성동구
732,제과 제빵 기능사(이론 + 실기)취득과정,국제조리직업전문학원,49,1332210,12,38.1,31,제주,제주시
733,제과제빵 자격증과 디저트 과정,종로호텔제과직업전문학교,60,1631280,20,48.3,28,서울,종로구
734,케이크와 디저트 양성반,종로호텔제과직업전문학교,25,679700,16,48.3,32,서울,종로구
735,디저트_케이크 실무양성과정,(주)상록호텔조리직업전문학교,40,951580,20,60.5,39,인천,계양구
736,제과/제빵기능사취득과정(이론+실기),장유동경요리제과제빵학원,52,1420570,8,,42,경남,김해시
737,제빵기능사 자격 취득과정(이론+실기),마산제과제빵전문학원,30,815640,20,30.5,31,경남,창원시
738,제과제빵기능사자격취득&디저트실무,남강직업전문학교,60,1631280,15,61.1,38,전남,목포시
739,제과제빵기능사취득,몽상가인직업전문학교,30,815640,18,35.5,33,충남,천안시
740,제과제빵자격증대비반(이론/실기),수영제과제빵직업전문학교,45,1223460,24,50.6,32,부산,수영구
741,제과제빵기능사 취득과정(이론+실기),엠제빵커피학원,43,1169080,18,25.9,30,울산,남구
742,"제과제빵기능사취득과정(필기,실기)",쇼콜라띠에제과제빵직업전문학교,54,1468150,18,54.3,30,경기,수원시
743,"2020년 과정평가_제과기능사(이론,실기) 자격증취득",한국조리사관직업전문학교,50,2854400,20,42.1,23,서울,금천구
744,"제과제빵자격증과정(이론,실기)",은성제과제빵커피학원,55,1495340,12,42.9,36,경남,김해시
745,제과기능사 제빵기능사 자격증 취득과정(이론+실기),뉴브레인직업전문학교,28,1141890,15,,27,서울,구로구
746,제과기능사 자격증 취득 과정,쿠킹숲제과제빵학원,24,489380,20,,32,전남,여수시
747,제과제빵기능사 및 케이크디자이너 자격증취득,현대제과제빵요리전문학원,48,1604090,18,38.8,34,울산,남구
748,"제과 베이커리 디저트실무(케익,구움과자)",한솔제과제빵커피바리스타학원,60,1263460,20,40.4,35,서울,종로구
749,제과 제빵 기능사(이론 + 실기)취득과정,국제조리직업전문학원,49,1332210,12,38.1,39,제주,제주시
750,제빵및제과기능사(이론+실기),김희진 요리제과제빵바리스타 학원,50,1359400,15,47.1,46,강원,춘천시
751,제과제빵 기능사 자격증 취득과정,아트요리제과제빵바리스타학원,60,1631280,20,,30,울산,중구
752,천연효모발효빵,신사제과제빵학원,15,509770,10,23.9,39,서울,강남구
753,제과기능사 자격증반 실업자과정,하이밀제과제빵학원,20,407820,10,,37,울산,북구
754,제과제빵기능사(실기)&실용케익,신사제과제빵학원,52,1631280,16,23.9,33,서울,강남구
755,"제과기능사 취득(실기) 및 카페디저트 실무(마카롱, 타르트, 보틀 케이크)",한국조리사관직업전문학교,17,897200,20,42.1,31,서울,금천구
756,"구움과자 쁘띠디저트(마카롱,에클레어,슈,타르트,쉬폰,파운드)",티니케익아트학원,25,829700,15,37.5,36,서울,성동구
757,카페제과디저트취업과정,(주)씨아이케이한국외식조리직업전문학교(CIK),60,1223460,20,50.9,43,경기,부천시
758,"파티케이크(레터링,플라워,숫자케이크&마카롱)마스터",티니케익아트학원,25,859700,15,37.5,32,서울,성동구
759,제과디저트 및 커피음료 실무과정,둔산음식나라조리제과커피학원,39,990000,11,47.7,31,대전,서구
760,제과제빵기능사취득과정(이론+실기),중앙요리제과학원,63,1277830,12,,36,경기,광주시
761,제과기능사&바리스타 2급 자격취득과정,목포국제직업전문학교,60,1223460,12,45.7,31,전남,목포시
762,제과제빵기능사 취득과 케이크 데코레이션,의정부 직업전문학교,55,1495340,18,42.6,37,경기,의정부시
763,제과제빵기능사자격증취득과정,대구제과제빵커피학원,60,1631280,18,47.1,,대구,중구
764,제빵기능사 취득과정(이론+실기),경기제과제빵학원,30,815640,18,,48,경기,남양주시
765,제과제빵기능자 자격증 취득과정,신현대직업교육학원,60,1629600,10,,26,인천,부평구
766,제과기능사 자격 취득과정(이론+실기),마산제과제빵전문학원,30,611730,20,30.5,38,경남,창원시
767,제과제빵자격증취득 및 케이크데코레이션기초과정,연산국제제빵커피학원,55,1495340,16,32.6,37,부산,연제구
768,(케이크+초콜릿)디저트 실무자 양성과정,궁전요리제빵직업전문학교,29,679700,20,48.4,32,전북,전주시
769,디저트실무반,음식나라조리학원,34,897200,12,38.1,35,전북,전주시
770,떡제조기능사취득과정,논현요리제과커피학원,25,679700,18,27.3,45,인천,남동구
771,떡 제조기능사 자격 취득과정(이론+실기),이화푸드조리제빵학원,20,543760,18,49.1,40,대전,서구
772,제과-케익데코레이션&디저트실무과정,한국외식제과직업전문학교,34,924390,15,44.9,28,대구,중구
773,제과제빵기능사 실기과정,(주)한솔외식창업아카데미,35,951580,20,,35,서울,종로구
774,"제과제빵 기능사 자격증 취득,취업과정(필기+실기)",서울현대직업전문학교 디지털구로캠퍼스,27,1101110,20,61.6,25,서울,구로구
775,제과기능사 자격증 취득과정(필기+실기),한국음식문화직업전문학교,34,679700,18,54.3,35,경기,성남시
776,천연발효건강빵,종로호텔제과직업전문학교,24,489380,20,48.3,45,서울,종로구
777,제빵기능사취득&브런치빵실무,신세계제과제빵전문학원,24,802040,14,52.6,41,부산,중구
778,제빵(실기) 기능사 자격증반,김미연요리제과제빵학원,21,570940,15,,31,경기,남양주시
779,제과제빵 현장실무(제빵기능사+제과기능사),간석외식직업전문학교,45,1223460,20,38.5,26,인천,남동구
780,제빵기능사 자격취득과정(실기),TopChef(탑쉐프)요리학원,24,570940,10,,24,광주,북구
781,제과제빵기능사 실기 및 케익데코 디저트 과정,서울호텔제과제빵요리직업전문학교,56,1522520,20,50.7,31,서울,광진구
782,제과(실기)기능사 자격증반,김미연요리제과제빵학원,21,570940,15,,33,경기,남양주시
783,제과제빵자격취득(이론&실기),한선생직업전문학교,47,958370,10,42.9,30,경기,수원시
784,제과제빵실기와 케익데코레이션,한솔요리아카데미 강동,41,1164700,14,47.9,33,서울,강동구
785,제과제빵기능사자격증취득(이론+실기),비앤씨요리제과제빵학원,51,1386580,12,27.3,38,경기,안양시
786,제과카페브런치/케익디자이너,봄뜰제과제빵학원,40,1087520,10,50,36,부산,사하구
787,제과제빵기능사(이론+실기)자격 취득과정,서울현대직업전문학교,22,1155490,20,,22,서울,영등포구
788,제과제빵 기능사 취득과정,전남요리제빵학원,50,1359400,18,,30,전남,순천시
789,제과제빵사 자격증 취득과정,베이커탑제과커피직업전문학교,50,1359400,12,53.6,29,경기,의정부시
790,제과제빵기능사 케이크디자이너 자격취득과 실무과정,둔산음식나라조리제과커피학원,60,1584000,18,47.7,32,대전,서구
791,제과 및 제빵기능사 취득과정,에프비아이제과제빵커피학원,44,1196270,10,35.3,36,경기,고양시
792,제과제빵기능사 취득 과정,궁전제과(주)광주제과기술학원,60,1427370,20,48.5,27,광주,북구
793,케이크와 디저트 양성반,종로호텔제과직업전문학교,25,679700,16,48.3,34,서울,종로구
794,제과디저트케이크현장실무과정,(주)한국외식조리직업전문학교 연수점,60,1223460,27,52.5,42,인천,연수구
795,제과제빵기능사취득과정(이론+실기과정),화정제과제빵학원,54,1291430,12,,32,경기,고양시
796,제과제빵기능사취업과정,(주)한국외식조리직업전문학교,70,1427370,24,56.1,29,인천,부평구
797,제과카페브런치/케익디자이너,봄뜰제과제빵학원,54,1087520,10,50,33,부산,사하구
798,제과제빵기능사 취득 과정,동탄요리제과제빵학원,40,1277830,16,,33,경기,화성시
799,고급디저트 및 케이크 초콜릿 자격증과정(이론+실기),김상엽제과제빵학원,45,1253840,10,31.3,35,서울,도봉구
800,제과제빵기능사취득,몽상가인직업전문학교,30,815640,18,35.5,36,충남,천안시
801,제과제빵기능사자격취득 및 실무 케이크 (실기) 과정,마에스트로제과제빵학원,55,1495340,20,,40,인천,남동구
802,베이커리 제빵기능사취득 (실기) 과정,마에스트로제과제빵학원,25,679700,20,,37,인천,남동구
803,제과제빵기능사취득,봄뜰제과제빵학원,50,1359400,10,50,38,부산,사하구
804,제빵기능사 자격증 취득과정(이론+실기),올리브요리제과커피학원,34,924390,15,,33,경남,창원시
805,제과제빵기능사 취득과정,검단직업능력개발학원,50,1359400,16,41.4,33,인천,서구
806,제빵기능사 취득과정(이론 및 실기),김지순요리제과직업전문학교,30,815640,16,31,32,제주,제주시
807,"20_디저트(마카롱,타르트,쿠키)와 바리스타 자격 취득",한국조리사관직업전문학교,14,679700,20,42.1,37,서울,금천구
808,제과제빵사 자격증 취득과정,베이커탑제과커피직업전문학교,50,1359400,12,53.6,27,경기,의정부시
809,제과제빵자격증취득(이론+실기),한국외식제과직업전문학교,50,1359400,18,44.9,28,대구,중구
810,"제과기능사,제빵기능사(이론+실기)자격취득과정",월드호텔요리제과커피학원,22,829230,12,93.3,29,경기,수원시
811,제과제빵자격증취득과정,(주)씨아이케이한국외식조리직업전문학교(CIK),60,1223460,26,50.9,37,경기,부천시
812,제과제빵기능사 자격증과정(이론+실기),제천제빵커피학원,50,1452600,18,,44,충북,제천시
813,제과제빵과 케이크데코레이션,경기외식직업전문학교,65,1767220,15,51.4,33,경기,수원시
814,카페제과디저트취업과정,(주)씨아이케이한국외식조리직업전문학교(CIK),60,1223460,20,50.9,41,경기,부천시
815,제과카페디저트케이크취업과정,(주)한국외식조리직업전문학교,60,1223460,20,56.1,37,인천,부평구
816,제과제빵자격증&디저트실무 과정,한솔요리커피제과제빵학원,46,1250640,20,,25,부산,부산진구
817,"(이론+실시) 제과,제빵기능사 자격취득",뉴영남요리제과제빵아카데미,49,1332210,9,25,36,경남,진주시
818,케이크 데코 및 디저트 실용과정,궁전제과(주)광주제과기술학원,60,1223460,15,48.5,25,광주,북구
819,제과 및 제빵기능사 취득과정,에프비아이제과제빵커피학원,44,1196270,20,35.3,35,경기,고양시
820,제과기능사취득[이론+실기],부천조리직업전문학교,37,761260,20,47.8,30,경기,부천시
821,제과제빵기능사 취득 (이론+실기),경남요리제과제빵커피학원,45,1223460,18,38.9,40,경남,창원시
822,제과제빵실기 한번에 취득과정,한솔요리아카데미 강동,48,1028760,14,47.9,32,서울,강동구
823,(일반고 특화) 제과제빵 자격취득 및 제빵사 양성 과정,new광주직업전문학교(북구),88,3874470,20,,,광주,북구
824,제과제빵기능자 자격증 취득과정,신현대직업교육학원,48,1629600,10,,30,인천,부평구
825,제과제빵 자격증과 디저트 과정,종로호텔제과직업전문학교,60,1631280,20,48.3,28,서울,종로구
826,제과기능사+제빵기능사취득과정(이론+실기),제일요리아카데미학원,42,1141890,10,,33,강원,춘천시
827,천연발효건강빵,종로호텔제과직업전문학교,24,489380,20,48.3,39,서울,종로구
828,디저트_케이크 실무양성과정,(주)상록호텔조리직업전문학교,40,951580,20,60.5,41,인천,계양구
829,제과제빵기능사과정(이론+실기),부산제과기술학원,48,1305020,18,52.1,29,부산,부산진구
830,제과제빵이론과실기,국제커피제과직업전문학원,48,1305020,18,,31,경기,수원시
831,제과제빵기능사 취득(이론+실기),라임요리제과제빵학원,46,937980,15,45.9,31,대구,북구
832,제과제빵기능사자격증취득과정,오산호텔요리제과제빵학원,28,1107910,9,61.8,34,경기,오산시
833,제과-케익데코레이션&디저트실무과정,한국외식제과직업전문학교,34,924390,15,44.9,34,대구,중구
834,케이크데코실무반,종로호텔제과직업전문학교,20,407820,20,48.3,30,서울,종로구
835,제과디저트 및 커피음료 실무과정,둔산음식나라조리제과커피학원,38,990000,11,47.7,37,대전,서구
836,제빵기능사 자격취득과정(실기),TopChef(탑쉐프)요리학원,24,570940,10,,47,광주,북구
837,제과 및 제빵기능사 취득과정,에프비아이제과제빵커피학원,44,1196270,20,35.3,34,경기,고양시
838,제과제빵기능사취득,광산음식나라조리학원,54,1264240,10,40,29,광주,광산구
839,제빵&제과기능사 자격증 취득,궁전요리제빵미용직업전문학교,45,1223460,18,60.7,36,전북,전주시
840,제과&제빵자격증취득및 취업과정,한국외식제과직업전문학교,55,1495340,18,44.9,30,대구,중구
841,천연효모발효빵,신사제과제빵학원,15,509770,10,23.9,37,서울,강남구
842,제과제빵기능사 취득과 케이크데코,한양요리제빵직업전문학교,59,1604090,18,45.8,30,경기,구리시
843,제과 디저트 실무,신사제과제빵학원,25,509770,10,23.9,40,서울,강남구
844,제과제빵기능사 및 케이크디자이너2급 자격증 취득 실무 과정,대전음식나라조리제과제빵학원,60,1631280,16,36.7,27,대전,중구
845,"구움과자 디저트과정(마카롱,에클레어,슈,타르트,쉬폰,파운드)",한솔요리커피제과제빵아카데미,26,693290,12,47.8,37,서울,노원구
846,제과.제빵.케익 데코레이션 기능인 양성과정,부산제과기술학원,47,1916750,20,52.1,35,부산,부산진구
847,제과제빵기능사 실기 및 케이크데코레이션,한솔요리제과제빵아카데미,40,1087520,28,32.7,33,서울,서초구
848,제과 및 제빵기능사 자격 취득과정(이론+실기),이성실요리커피제빵학원,45,1223460,12,31.7,36,대구,북구
849,쁘띠케이크 디저트카페메뉴 실무과정,둔산음식나라조리제과커피학원,17,746900,16,47.7,43,대전,서구
850,제과제빵기능사 자격취득과정,세종제과제빵바리스타학원,40,1359400,20,,40,세종,
851,베이커리자격증(제빵+제과),한솔요리커피제과제빵아카데미,50,1359400,20,47.8,36,서울,노원구
852,제과제빵기능사(이론+실기)자격 취득과정,서울현대직업전문학교,34,1155490,20,,36,서울,영등포구
853,제과제빵 자격증 취득과정 (실기),한주요리제과커피직업전문학교,40,1019550,14,50,34,경기,부천시
854,케이크데코레이션과정,대구제과제빵커피학원,40,1087520,18,47.1,35,대구,중구
855,디저트&케이크디자이너 양성과정,베이커탑제과커피직업전문학교,40,815640,12,53.6,40,경기,의정부시
856,제과 제빵기능사 및 떡제조기능사 자격취득 (실기)과정,군산명문요리직업전문학교,42,1141890,20,,41,전북,군산시
857,제과제빵기능사 자격취득과정(실기),춘천요리제과제빵학원,46,1094310,18,37.5,43,강원,춘천시
858,제과기능사자격취득과정(이론+실기),광양요리제과직업전문학교,40,815640,10,82.4,35,전남,광양시
859,제과제빵기능사 자격증 취득과정(이론+실기),충주제빵커피학원,50,1459400,18,,40,충북,충주시
860,제과제빵기능사취득(실기)과정,명성요리제과제빵학원,40,1087520,16,,31,전북,군산시
861,케익/제과카페디저트실무,봄뜰제과제빵학원,46,937980,12,50,37,부산,사하구
862,제과기능사 자격증반 실업자과정,하이밀제과제빵학원,20,407820,10,,34,울산,북구
863,고급 제과 마스터과정,한국제과직업전문학교,45,1223460,20,46.2,37,서울,영등포구
864,제과제빵과 케이크데코레이션,경기외식직업전문학교,65,1767220,15,51.4,32,경기,수원시
865,제과제빵기능사 자격증 취득 및 케이크데커레이션,현대제과제빵요리전문학원,48,1631280,18,38.8,34,울산,남구
866,천연 발효빵 과정,궁전제과(주)광주제과기술학원,24,570940,15,48.5,43,광주,북구
867,"제과제빵 기능사 자격증 취득,취업과정(필기+실기)",서울현대직업전문학교 디지털구로캠퍼스,27,1101110,20,61.6,30,서울,구로구
868,"케이크데코레이션(레터링,플라워,캐릭터,입체,슈가케이크)",티니케익아트학원,25,799700,15,37.5,33,서울,성동구
869,앙금플라워데코레이션(떡케이크),티니케익아트학원,25,799700,15,37.5,32,서울,성동구
870,"케이크데코레이션과 디저트실무(버터플라워,앙금플라워 포함)",경기외식직업전문학교,45,1223460,15,51.4,36,경기,수원시
871,제과제빵기능자 자격증 취득과정,신현대직업교육학원,30,1629600,10,,28,인천,부평구
872,케이크와 디저트 양성반,종로호텔제과직업전문학교,25,679700,16,48.3,37,서울,종로구
873,(제과기능사+제빵기능사)자격증 과정,궁전요리제빵직업전문학교,44,1196270,20,48.4,30,전북,전주시
874,"제과기능사 취득(실기) 및 카페디저트 실무(마카롱, 타르트, 보틀 케이크)",한국조리사관직업전문학교,22,897200,20,42.1,33,서울,금천구
875,"제과기능사,제빵기능사 자격증 취득과정(이론+실기)",엠제빵커피학원,38,1033140,15,25.9,36,울산,남구
876,과정평가형 제빵기능사,효성직업능력개발원,72,3596540,20,,33,대구,달서구
877,떡제조 기능사 자격증 취득 (이론+실기),한국조리사관직업전문학교,20,407820,20,42.1,40,서울,금천구
878,제과제빵기능사 자격취득과정 (이론+실기),이화푸드조리제빵학원,48,1305020,16,49.1,35,대전,서구
879,제빵기능사 취득과정(이론+실기),경기제과제빵학원,30,815640,18,,36,경기,남양주시
880,천연 발효종을 활용한 제빵실무,한국제과직업전문학교,50,1359400,20,46.2,35,서울,영등포구
881,제과제빵기능사 취득과정(이론+실기),해성요리제과제빵학원,55,1495340,20,41.7,33,인천,미추홀구
882,제과제빵기능사및케이크,은성제과제빵커피학원,60,1631280,12,42.9,35,경남,김해시
883,제과.제빵기능사 과정,부산제과기술학원,57,1549710,18,52.1,28,부산,부산진구
884,제빵및제과기능사(이론+실기),김희진 요리제과제빵바리스타 학원,50,1359400,15,47.1,38,강원,춘천시
885,제과실기와 파티시에,한솔요리아카데미 강동,34,729700,14,47.9,35,서울,강동구
886,"제과 베이커리 디저트실무(케익,구움과자)",한솔제과제빵커피바리스타학원,45,1263460,20,40.4,37,서울,종로구
887,제과제빵 베이커리 실무 과정,에프비아이제과제빵커피학원,44,1196270,20,35.3,42,경기,고양시
888,제빵기능사취득(실기)및 천연발효빵+유럽건강빵과정,한솔제과제빵커피바리스타학원,35,951580,16,40.4,43,서울,종로구
889,(과정평가형) 제과기능사,아트요리제과제빵바리스타학원,75,4281600,20,,47,울산,중구
890,"구움과자 쁘띠디저트(마카롱,에클레어,슈,타르트,쉬폰,파운드)",티니케익아트학원,25,829700,15,37.5,35,서울,성동구
891,"파티케이크(레터링,플라워,숫자케이크&마카롱)",티니케익아트학원,25,859700,15,37.5,34,서울,성동구
892,제과 및 제빵기능사 취득과정,에프비아이제과제빵커피학원,44,1196270,20,35.3,36,경기,고양시
893,제과디저트 실무과정,한국호텔관광실용전문학교,60,1223460,20,69,34,경기,안산시
894,제빵기능사 자격증 취득과정(필기+실기),한국음식문화직업전문학교,27,734070,18,54.3,34,경기,성남시
895,제과기능사 자격증 취득과정(이론+실기),올리브요리제과커피학원,38,774850,15,,33,경남,창원시
896,"케이크데코레이션과 디저트실무(버터플라워,앙금플라워 포함)",경기외식직업전문학교,45,1223460,15,51.4,34,경기,수원시
897,제과기능사 제빵기능사 자격증 취득과정(이론+실기),뉴브레인직업전문학교,28,1141890,15,,33,서울,구로구
898,제과 카페디저트 실무반,한주요리제과커피직업전문학교,28,761260,14,50,35,경기,부천시
899,제과제빵기능사취득과정(이론+실기),김상엽제과제빵학원,42,1141890,10,31.3,35,서울,도봉구
900,제과제빵자격증대비반(이론/실기),수영제과제빵직업전문학교,45,1223460,24,50.6,32,부산,수영구
901,제과제빵기능사취득과정,(주)한국외식조리직업전문학교 연수점,70,1427370,27,52.5,33,인천,연수구
902,(실기)제과.제빵기능사+케이크 데코레이션 과정,엠제빵커피학원,43,1169080,18,25.9,37,울산,남구
903,떡 제조기능사 자격 취득과정(이론+실기),이화푸드조리제빵학원,20,543760,18,49.1,35,대전,서구
904,제과기능사 자격 취득과정(이론+실기),마산제과제빵전문학원,30,611730,20,30.5,35,경남,창원시
905,제과제빵 자격증과 천연발효빵,종로호텔제과직업전문학교,60,1631280,20,48.3,36,서울,종로구
906,"20_디저트(마카롱,타르트,쿠키)와 바리스타 자격 취득",한국조리사관직업전문학교,15,679700,20,42.1,29,서울,금천구
907,제과디저트 및 커피음료 실무과정,둔산음식나라조리제과커피학원,39,990000,11,47.7,37,대전,서구
908,제과제빵 실기 자격증취득 및 케익데코,한솔제과제빵커피바리스타학원,54,1087520,20,40.4,35,서울,종로구
909,제과기능사실무과정,수원외식관광직업전문학교,32,870010,15,80.3,40,경기,수원시
910,제과제빵 케이크 현장실무(제빵기능사+제과기능사+케익데코),간석외식직업전문학교,60,1631280,15,38.5,25,인천,남동구
911,케이크디자이너 자격증취득하기,궁전요리제빵미용직업전문학교,36,958370,18,60.7,32,전북,전주시
912,제과 및 제빵기능사 자격증 취득(실기)과정,군산명문요리직업전문학교,35,944780,20,,41,전북,군산시
913,제과제빵기능사취득(실기)과정,명성요리제과제빵학원,40,1087520,16,,41,전북,군산시
914,케이크디자이너 및 초콜릿마스터 자격증취득,한국제과직업전문학교,45,1223460,20,46.2,32,서울,영등포구
915,케이크데코레이션과정,대구제과제빵커피학원,40,1087520,18,47.1,31,대구,중구
916,제과제빵기능사 및 케이크디자이너 자격증취득,현대제과제빵요리전문학원,48,1604090,18,38.8,38,울산,남구
917,"(이론+실시) 제과,제빵기능사 자격취득",뉴영남요리제과제빵아카데미,49,1332210,9,25,29,경남,진주시
918,제과제빵기능사취득과정,(주)한국외식조리직업전문학교 연수점,70,1427370,27,52.5,33,인천,연수구
919,제과&제빵자격증취득및 취업과정,한국외식제과직업전문학교,55,1495340,18,44.9,,대구,중구
920,제과제빵 기능사 및 케익데코 디저트 과정,서울호텔제과제빵요리직업전문학교,56,1712840,20,50.7,31,서울,광진구
921,제빵기능사 자격 취득과정(이론+실기),마산제과제빵전문학원,30,815640,20,30.5,37,경남,창원시
922,제과기능사+제빵기능사취득과정(이론+실기),제일요리아카데미학원,42,1141890,10,,43,강원,춘천시
923,제빵 제과 자격증 취득과정,통영제과제빵커피전문학원,44,1325410,16,,,경남,통영시
924,떡제조기능사취득과정,논현요리제과커피학원,25,679700,18,27.3,38,인천,남동구
925,제과제빵 자격증과 케이크데코,종로호텔제과직업전문학교,60,1631280,20,48.3,31,서울,종로구
926,제빵자격증취득과정,한국호텔직업전문학교,22,598130,20,,41,서울,서초구
927,케이크와 디저트 양성반,종로호텔제과직업전문학교,25,679700,16,48.3,34,서울,종로구
928,제과기능사 취득과정(이론+실기),경기제과제빵학원,25,679700,18,,32,경기,남양주시
929,"제과제빵 기능사 자격증 취득,취업과정(필기+실기)",서울현대직업전문학교 디지털구로캠퍼스,27,1101110,20,61.6,34,서울,구로구
930,천연효모발효빵,신사제과제빵학원,15,509770,10,23.9,42,서울,강남구
931,제과제빵기능사 자격취득과정 (이론+실기),이화푸드조리제빵학원,48,1305020,16,49.1,39,대전,서구
932,제과제빵기능사취득과정(이론+실기),한국호텔관광실용전문학교,64,1305020,20,69,37,경기,안산시
933,제과기능사취득 및 실무 케이크 (실기) 과정,마에스트로제과제빵학원,30,815640,20,,40,인천,남동구
934,제과제빵 기능사 자격취득 및 제과디저트,대전음식나라조리제과제빵학원,60,1427370,16,36.7,34,대전,중구
935,제과디저트케이크현장실무과정,(주)한국외식조리직업전문학교 연수점,60,1223460,27,52.5,43,인천,연수구
936,제과기능사 자격증 취득과정(필기+실기),한국음식문화직업전문학교,25,679700,18,54.3,34,경기,성남시
937,"제과기능사,제빵기능사(이론+실기)자격취득과정",월드호텔요리제과커피학원,22,829230,12,93.3,37,경기,수원시
938,베이커(제빵)양성과정,한국산업연수원충북직업전문학교(주),35,1427370,20,,,충북,청주시
939,제과제빵기능인 양성과정,한국제과제빵커피학원,32,1305020,16,,27,경남,창원시
940,"제과제빵디저트실무과정(발효빵,초콜릿,케이크,타르트,마카롱,쿠키)",쇼콜라띠에제과제빵직업전문학교,60,1631280,18,54.3,34,경기,수원시
941,제과제빵기능사 취득(실기+이론) & 디저트전문가 양성,현대제과제빵요리전문학원,48,1631280,18,38.8,45,울산,남구
942,제과제빵기능사 자격증과정(이론+실기),제천제빵커피학원,50,1452600,18,,,충북,제천시
943,제과 및 제빵기능사 취득과정,에프비아이제과제빵커피학원,44,1196270,10,35.3,31,경기,고양시
944,제과기능사취득[이론+실기],부천조리직업전문학교,37,761260,20,47.8,38,경기,부천시
945,제과제빵기능사 자격증 취득과정(이론+실기),남경성요리제빵커피직업전문학교,50,1459400,18,67.6,33,강원,원주시
946,제과제빵 기능사 자격증 취득과정,아트요리제과제빵바리스타학원,60,1631280,20,,,울산,중구
947,카페 디저트 마스터반,종로호텔제과직업전문학교,20,407820,20,48.3,31,서울,종로구
948,베이커리자격증(제빵+제과),한솔요리커피제과제빵아카데미,50,1359400,20,47.8,36,서울,노원구
949,제과 및 제빵기능사 자격 취득과정(이론+실기),이성실요리커피제빵학원,45,1223460,12,31.7,27,대구,북구
950,제과제빵자격증취득 및 케이크데코레이션기초과정,연산국제제빵커피학원,55,1495340,16,32.6,27,부산,연제구
951,제과제빵기능사취득,몽상가인직업전문학교,30,815640,18,35.5,34,충남,천안시
952,제과기능사&바리스타 2급 자격취득과정,목포국제직업전문학교,60,1223460,12,45.7,36,전남,목포시
953,디저트실무반,음식나라조리학원,34,897200,12,38.1,25,전북,전주시
954,제과자격증취득과정,한국호텔직업전문학교,22,598130,20,,33,서울,서초구
955,제과제빵기능사 취득과 케이크 데코레이션,의정부 직업전문학교,55,1495340,18,42.6,31,경기,의정부시
956,"제과제빵자격증과정(이론,실기)",은성제과제빵커피학원,55,1495340,12,42.9,24,경남,김해시
957,천연발효건강빵,종로호텔제과직업전문학교,24,489380,20,48.3,38,서울,종로구
958,떡 제조기능사 자격 취득과정(이론+실기),이화푸드조리제빵학원,20,543760,18,49.1,,대전,서구
959,제과제빵기능사 자격증 취득과정,아시아요리학원,50,1189470,15,,36,광주,남구
960,제빵기능사(이론+실기),음식나라조리학원,38,774850,18,30.8,34,대구,달서구
961,제과제빵자격증취득(이론+실기),한국외식제과직업전문학교,50,1359400,18,44.9,,대구,중구
962,천연발효 건강빵과 카페 디저트,한양요리제빵직업전문학교,25,679700,18,45.8,35,경기,구리시
963,제과제빵자격증/취업반,봄뜰제과제빵학원,60,1631280,12,50,27,부산,사하구
964,제과제빵기능사취득,(주)한국외식조리직업전문학교,80,1631280,26,56.1,25,인천,부평구
965,디저트_케이크 실무양성과정,(주)상록호텔조리직업전문학교,40,951580,20,60.5,45,인천,계양구
966,제과제빵 현장실무(제빵기능사+제과기능사),간석외식직업전문학교,45,1223460,20,38.5,31,인천,남동구
967,제과기능사 자격증 취득과정(필기+실기),한국음식문화직업전문학교,34,679700,18,54.3,34,경기,성남시
968,제과.제빵기능인 양성과정,부산제과기술학원,60,1631280,18,52.1,35,부산,부산진구
969,제과제빵기능사 취득(이론+실기),라임요리제과제빵학원,46,937980,15,45.9,33,대구,북구
970,초콜릿과 디저트 기초반,종로호텔제과직업전문학교,20,407820,16,48.3,27,서울,종로구
971,제빵&제과기능사 자격증 취득,궁전요리제빵미용직업전문학교,45,1223460,18,60.7,32,전북,전주시
972,제과제빵기능사 취득(이론+실기),라임요리제과제빵학원,46,937980,15,45.9,,대구,북구
973,제과제빵 실기 자격증취득 및 케익데코,한솔제과제빵커피바리스타학원,40,1087520,20,40.4,43,서울,종로구
974,제과기능사 취득(실기),김천요리제과직업전문학교,28,570940,12,36.4,52,경북,김천시
975,제과제빵기능사 취득과정(이론+실기),엠제빵커피학원,43,1169080,18,25.9,36,울산,남구
976,케이크 데코 및 디저트 실용과정,궁전제과(주)광주제과기술학원,60,1223460,15,48.5,,광주,북구
977,제과기능사+제빵기능사취득과정(이론+실기),제일요리아카데미학원,42,1141890,10,,,강원,춘천시
978,제빵기능사 자격취득(이론+실기),(재)호남직업전문학교,19,1019550,20,,,광주,동구
979,제과 및 제빵기능사 취득과정,(주)상록호텔조리직업전문학교,69,1631280,30,60.5,33,인천,계양구
980,"제과제빵기능사 취득과정(필기,실기)",목포국제직업전문학교,50,1359400,20,45.7,40,전남,목포시
981,"제빵현장실무과정(천연발효종,특수빵)",김상엽제과제빵학원,32,895010,10,31.3,39,서울,도봉구
982,제과-케익데코레이션 과정,부산제과기술학원,35,951580,16,52.1,36,부산,부산진구
983,"구움과자 디저트과정(마카롱,에클레어,슈,타르트,쉬폰,파운드)",한솔요리커피제과제빵아카데미,26,693290,12,47.8,34,서울,노원구
984,제과제빵 자격증과 케이크데코,종로호텔제과직업전문학교,60,1631280,20,48.3,29,서울,종로구
985,제과제빵기능사 취득과 케이크데코,한양요리제빵직업전문학교,59,1604090,18,45.8,31,경기,구리시
986,제빵기능사 자격증 취득 과정,쿠킹숲제과제빵학원,24,570940,20,,42,전남,여수시
987,케이크 & 디저트과정,한국음식문화직업전문학교,25,679700,18,54.3,36,경기,성남시
988,제과제빵자격취득(이론&실기),한선생직업전문학교,47,958370,10,42.9,37,경기,수원시
989,제과디저트 및 커피음료 실무과정,둔산음식나라조리제과커피학원,38,990000,11,47.7,,대전,서구
990,"제과기능사 취득(실기) 및 카페디저트 실무(마카롱, 타르트, 보틀 케이크)",한국조리사관직업전문학교,22,897200,20,42.1,,서울,금천구
991,"제과,제빵기능사 자격취득과정",new광주직업전문학교(북구),58,1563310,20,,,광주,북구
992,제과제빵 자격취득과정,음식나라조리학원,53,1182670,15,38.1,,전북,전주시
993,제과제빵자격증취득 및 디저트 입문과정,연산국제제빵커피학원,57,1549710,16,32.6,33,부산,연제구
994,제빵기능사 취득(실기),김천요리제과직업전문학교,28,761260,12,36.4,,경북,김천시
995,제과제빵자격증취득반(이론/실기),수영제과제빵직업전문학교,45,1223460,24,50.6,,부산,수영구
996,제과제빵기능사 자격증 취득과정(이론+실기),충주제빵커피학원,50,1459400,18,,46,충북,충주시
997,"맞춤케이크데코레이션(레터링,인형케이크,입체케이크,빈티지케이크)",티니케익아트학원,25,819700,15,37.5,35,서울,성동구
998,제과제빵자격증(이론+실기) 및 케익디자이너,현대제과제빵요리전문학원,50,1685650,18,38.8,,울산,남구
999,앙금플라워데코레이션(떡케이크),티니케익아트학원,25,799700,15,37.5,35,서울,성동구
1000,제과제빵기능사 케이크디자이너 자격취득과 실무과정,둔산음식나라조리제과커피학원,63,1584000,18,47.7,,대전,서구
1001,"플라워케이크마스터 자격증취득 및 양성과정(기초,심화,오브제)",라크렘제과실용전문학교,41,1818000,16,20.8,36,서울,성동구
1002,제과기능사 제빵기능사 실기,신사제과제빵학원,22,937980,16,23.9,34,서울,강남구
1003,제과 제빵 기능사(이론 + 실기)취득과정,국제조리직업전문학원,49,1332210,12,38.1,34,제주,제주시
1004,천연효모발효빵,신사제과제빵학원,15,509770,10,23.9,56,서울,강남구
1005,제과제빵기능사취득,광산음식나라조리학원,54,1264240,10,40,46,광주,광산구
1006,제과제빵기능사 취득 과정,궁전제과(주)광주제과기술학원,60,1427370,20,48.5,,광주,북구
1007,제빵&제과기능사 자격증 취득,궁전요리제빵미용직업전문학교,45,1223460,18,60.7,,전북,전주시
1008,천연발효건강빵,종로호텔제과직업전문학교,24,489380,20,48.3,38,서울,종로구
1009,제과 디저트 실무,신사제과제빵학원,25,509770,10,23.9,36,서울,강남구
1010,제과기능사 자격증반 실업자과정,하이밀제과제빵학원,20,407820,10,,,울산,북구
1011,제과제빵기능사 및 떡제조기능사 취득(이론/실기),전주요리제과제빵학원,62,1672060,18,63.9,,전북,전주시
1012,"20_디저트(마카롱,타르트,쿠키)와 바리스타 자격 취득",한국조리사관직업전문학교,15,679700,20,42.1,,서울,금천구
1013,케이크와 디저트 양성반,종로호텔제과직업전문학교,25,679700,16,48.3,32,서울,종로구
1014,제과제빵기능사 취득과정(이론 및 실기),김지순요리제과직업전문학교,50,1359400,16,31,,제주,제주시
1015,케이크 디자이너 및 디저트 실무 과정,동탄요리제과제빵학원,18,734070,16,,,경기,화성시
1016,제빵및제과기능사(이론+실기),김희진 요리제과제빵바리스타 학원,50,1359400,15,47.1,,강원,춘천시
1017,제과제빵기능사 자격증 취득과정(이론+실기),남경성요리제빵커피직업전문학교,50,1459400,18,67.6,60,강원,원주시
1018,제과기능사취득[이론+실기],부천조리직업전문학교,37,761260,20,47.8,,경기,부천시
1019,제과제빵기능사자격증취득(이론+실기),비앤씨요리제과제빵학원,51,1386580,12,27.3,29,경기,안양시
1020,제과제빵기능사취득과정,(주)씨아이케이한국외식조리직업전문학교(CIK),80,1631280,26,50.9,,경기,부천시
1021,제과제빵실기와 케익데코레이션,한솔요리아카데미 강동,41,1164700,14,47.9,39,서울,강동구
1022,"커스텀케이크(레터링케이크,도시락케이크,숫자케이크&마카롱)",티니케익아트학원,25,869700,15,37.5,31,서울,성동구
1023,제과 및 제빵기능사 취득과정,에프비아이제과제빵커피학원,45,1196270,10,35.3,44,경기,고양시
1024,"구움과자 쁘띠디저트(마카롱,에클레어,슈,타르트,쉬폰,파운드)",티니케익아트학원,25,829700,15,37.5,31,서울,성동구
1025,제과 제빵 기능사(이론 + 실기)취득과정,국제조리직업전문학원,49,1332210,12,38.1,32,제주,제주시
1026,제과카페브런치/케익디자이너,봄뜰제과제빵학원,40,1087520,10,50,,부산,사하구
1027,"제과제빵 기능사 자격증 취득,취업과정(필기+실기)",서울현대직업전문학교 디지털구로캠퍼스,27,1101110,20,61.6,,서울,구로구
1028,제과제빵 자격증 취득과정 (실기),한주요리제과커피직업전문학교,40,1019550,14,50,,경기,부천시
1029,제과제빵 기능사 자격증 취득과정(필기+실기),한국제과직업전문학교,45,1223460,20,46.2,26,서울,영등포구
1030,제과제빵기능사 취득과 케이크 데코레이션,경기제과제빵학원,59,1604090,18,,,경기,남양주시
1031,제과제빵기능사(필기+실기) 및 카페디저트,오산호텔요리제과제빵학원,33,1332210,9,61.8,31,경기,오산시
1032,제빵기능사 자격증 취득과정(필기+실기),한국음식문화직업전문학교,27,734070,18,54.3,44,경기,성남시
1033,"제과기능사&제빵기능사 취득과정(필기,실기)",쇼콜라띠에제과제빵직업전문학교,50,1359400,18,54.3,38,경기,수원시
1034,제과제빵자격취득(이론&실기),한선생직업전문학교,47,958370,10,42.9,,경기,수원시
1035,제과제빵 현장실무(제빵기능사+제과기능사),간석외식직업전문학교,45,1223460,20,38.5,,인천,남동구
1036,제과디저트 및 커피음료 실무과정,둔산음식나라조리제과커피학원,39,990000,11,47.7,,대전,서구
1037,"제과제빵자격증과정(이론,실기)",은성제과제빵커피학원,55,1495340,12,42.9,,경남,김해시
1038,제과(실기)기능사 자격증반,김미연요리제과제빵학원,21,570940,15,,,경기,남양주시
1039,제과 카페디저트 실무반,한주요리제과커피직업전문학교,28,761260,14,50,53,경기,부천시
1040,제과 및 제빵기능사 취득과정,에프비아이제과제빵커피학원,45,1196270,20,35.3,39,경기,고양시
1041,제과제빵기능사 실기 및 케이크데코레이션,한솔요리제과제빵아카데미,40,1087520,28,32.7,35,서울,서초구
1042,제과제빵사 자격증 취득과정,베이커탑제과커피직업전문학교,50,1359400,12,53.6,,경기,의정부시
1043,제과-프랑스디저트전문과정,한국외식제과직업전문학교,20,543760,15,44.9,,대구,중구
1044,제과제빵기능사자격취득&디저트실무,남강직업전문학교,60,1631280,15,61.1,,전남,목포시
1045,제과제빵 자격증 취득과정 (실기),한주요리제과커피직업전문학교,40,1019550,14,50,,경기,부천시
1046,제과제빵기능사자격증취득(이론+실기),비앤씨요리제과제빵학원,51,1386580,12,27.3,40,경기,안양시
1047,베이커리실무자 양성과정(이론+실기),마산제과제빵전문학원,36,856420,20,30.5,,경남,창원시
1048,케이크와 디저트 양성반,종로호텔제과직업전문학교,25,679700,16,48.3,,서울,종로구
1049,제과제빵 기능사 취득과정,전남요리제빵학원,50,1359400,18,,,전남,순천시
1050,제과제빵 자격증과 디저트 과정,종로호텔제과직업전문학교,60,1631280,20,48.3,30,서울,종로구
1051,제과제빵기능사 취득과 케이크 데코레이션,의정부 직업전문학교,55,1495340,18,42.6,53,경기,의정부시
1052,제과제빵기능사 취득 (이론+실기),경남요리제과제빵커피학원,48,1305020,18,38.9,33,경남,창원시
1053,케이크데코레이션과정,대구제과제빵커피학원,40,1087520,18,47.1,,대구,중구
1054,제과제빵기능사취득(실기)과정,명성요리제과제빵학원,40,1087520,16,,37,전북,군산시
1055,제과제빵기능사 취득(이론+실기),라임요리제과제빵학원,46,937980,15,45.9,,대구,북구
1056,제과제빵기능사 실기과정,(주)한솔외식창업아카데미,35,951580,20,,47,서울,종로구
1057,제빵(실기) 기능사 자격증반,김미연요리제과제빵학원,21,570940,15,,,경기,남양주시
1058,제과제빵기능사 취득과정,검단직업능력개발학원,50,1359400,16,41.4,34,인천,서구
1059,제과제빵이론과실기,경기외식직업전문학교,55,1495340,15,51.4,,경기,수원시
1060,"제과 베이커리 디저트실무(케익,구움과자)",한솔제과제빵커피바리스타학원,60,1263460,20,40.4,38,서울,종로구
1061,제과-케익데코레이션&디저트실무과정,한국외식제과직업전문학교,34,924390,15,44.9,,대구,중구
1062,"제과기능사,제빵기능사(이론+실기)자격취득과정",월드호텔요리제과커피학원,22,829230,12,93.3,27,경기,수원시
1063,카페제과디저트취업과정,(주)씨아이케이한국외식조리직업전문학교(CIK),60,1223460,20,50.9,,경기,부천시
1064,제과제빵기능사 실기 및 케익데코 디저트 과정,서울호텔제과제빵요리직업전문학교,56,1522520,20,50.7,32,서울,광진구
1065,제과제빵기능자 자격증 취득과정,신현대직업교육학원,48,1629600,10,,,인천,부평구
1066,제과 제빵기능사 및 떡제조기능사 자격취득 (실기)과정,군산명문요리직업전문학교,42,1141890,20,,33,전북,군산시
1067,제빵기능사취득(실기)및 천연발효빵+유럽건강빵과정,한솔제과제빵커피바리스타학원,35,951580,16,40.4,51,서울,종로구
1068,제과제빵실기 한번에 취득과정,한솔요리아카데미 강동,48,1028760,14,47.9,61,서울,강동구
1069,제과제빵사 자격증 취득과정,베이커탑제과커피직업전문학교,50,1359400,12,53.6,41,경기,의정부시
1070,제과제빵기능자 자격증 취득과정,신현대직업교육학원,60,1629600,10,,,인천,부평구
1071,제과제빵이론과실기,국제커피제과직업전문학원,48,1305020,18,,,경기,수원시
1072,제빵기능사 자격증 취득과정(이론+실기),"한쿡외식문화학원(요리,제과제빵,바리스타,조리)",26,618520,18,64.3,48,경기,용인시
1073,제과 및 제빵기능사 자격 취득과정(이론+실기),이성실요리커피제빵학원,45,1223460,12,31.7,,대구,북구
1074,제과기능사 자격증 취득과정(이론+실기),"한쿡외식문화학원(요리,제과제빵,바리스타,조리)",23,618520,18,64.3,37,경기,용인시
1075,케이크디자이너 자격증취득하기,궁전요리제빵미용직업전문학교,36,958370,18,60.7,,전북,전주시
1076,제과디저트케이크현장실무과정,(주)한국외식조리직업전문학교,80,1631280,20,56.1,58,인천,부평구
1077,제과제빵기능사 자격증과정(이론+실기),제천제빵커피학원,50,1452600,18,,,충북,제천시
1078,제빵기능사자격증취득과정(이론+실기),메이필드호텔스쿨,35,713680,20,,55,서울,강서구
1079,제빵&제과기능사 자격증 취득,궁전요리제빵미용직업전문학교,45,1223460,18,60.7,,전북,전주시
1080,제과제빵기능사 자격취득과정,세종제과제빵바리스타학원,40,1359400,20,,,세종,
1081,제과제빵 자격증과 천연발효빵,종로호텔제과직업전문학교,60,1631280,20,48.3,,서울,종로구
1082,디저트 및 케이크 실무양성과정,(주)상록호텔조리직업전문학교,37,870010,30,60.5,,인천,계양구
1083,고급디저트 및 케이크 초콜릿 자격증과정(이론+실기),김상엽제과제빵학원,45,1253840,10,31.3,,서울,도봉구
1084,제과제빵기능사 취득 과정,동탄요리제과제빵학원,40,1277830,16,,,경기,화성시
1085,제과제빵기능사 취득과정,한양요리제빵직업전문학교,40,1087520,18,45.8,,경기,구리시
1086,제과.제빵.케익 데코레이션 기능인 양성과정,부산제과기술학원,47,1916750,20,52.1,,부산,부산진구
1087,케이크데코레이션과 카페 디저트,경기외식직업전문학교,45,1223460,15,51.4,,경기,수원시
1088,제과디저트케이크현장실무과정,(주)한국외식조리직업전문학교 연수점,60,1223460,27,52.5,,인천,연수구
1089,카페디저트 및 초콜릿,오산호텔요리제과제빵학원,20,421410,9,61.8,,경기,오산시
1090,(제과기능사+제빵기능사)자격증 과정,궁전요리제빵직업전문학교,44,1196270,20,48.4,,전북,전주시
1091,제빵-웰빙천연발효빵실무과정,한국외식제과직업전문학교,34,924390,18,44.9,,대구,중구
1092,제빵기능사 자격취득 과정(이론+실기),광양요리제과직업전문학교,40,951580,10,82.4,,전남,광양시
1093,제과-케익데코레이션&디저트실무과정,한국외식제과직업전문학교,34,924390,15,44.9,,대구,중구
1094,제과디저트 및 커피음료 실무과정,둔산음식나라조리제과커피학원,38,990000,11,47.7,,대전,서구
1095,베이커리자격증(제빵+제과),한솔요리커피제과제빵아카데미,50,1359400,20,47.8,39,서울,노원구
1096,"구움과자 디저트과정(마카롱,에클레어,슈,타르트,쉬폰,파운드)",한솔요리커피제과제빵아카데미,26,693290,12,47.8,34,서울,노원구
1097,제과제빵기능사 취득과정,(주)세일직업전문학교,33,1345800,20,52.9,33,충남,천안시
1098,제과제빵기능사 자격증 취득과정(이론+실기),충주제빵커피학원,50,1459400,18,,,충북,충주시
1099,제과제빵기능사취득과정,(주)씨아이케이한국외식조리직업전문학교(CIK),80,1631280,26,50.9,,경기,부천시
1100,"제과 베이커리 디저트실무(케익,구움과자)",한솔제과제빵커피바리스타학원,45,1263460,20,40.4,50,서울,종로구
1101,제과제빵기능사 케이크디자이너 자격취득과 실무과정,둔산음식나라조리제과커피학원,60,1584000,18,47.7,,대전,서구
1102,카페제과디저트취업과정,(주)씨아이케이한국외식조리직업전문학교(CIK),60,1223460,20,50.9,,경기,부천시
1103,제과제빵자격증취득(이론+실기),한국외식제과직업전문학교,50,1359400,18,44.9,,대구,중구
1104,제과 및 제빵기능사 취득과정,에프비아이제과제빵커피학원,45,1196270,20,,,경기,고양시
1105,제과제빵기능사 자격취득과정 (이론+실기),이화푸드조리제빵학원,48,1305020,16,,,대전,서구
1106,제과 & 제빵 기능사 자격증 취득과정_A,다옴직업전문학교,37,1257440,24,,,대구,서구
1107,제빵기능사자격증취득과정(이론+실기),메이필드호텔스쿨,35,713680,20,,,서울,강서구
1108,제과기능사 자격증 취득 과정,라크렘제과실용전문학교,21,856420,16,,,서울,성동구
1109,케이크데코레이션과 카페 디저트,경기외식직업전문학교,45,1223460,15,,,경기,수원시
1110,제과제빵 기능사 자격취득 및 제과디저트,대전음식나라조리제과제빵학원,53,1427370,16,,42,대전,중구
1111,제과기능사(이론+실기),음식나라조리학원,32,652510,18,,,대구,달서구
1112,제빵기능사 자격증 취득과정(필기+실기),한국음식문화직업전문학교,27,734070,18,,,경기,성남시
1113,제빵&제과기능사 자격증 취득,궁전요리제빵미용직업전문학교,45,1223460,18,,,전북,전주시
1114,제과 및 바리스타 자격증취득과정[실기],한국음식문화직업전문학교,34,917590,18,,,경기,성남시
1115,"제과기능사,제빵기능사(이론+실기)자격취득과정",월드호텔요리제과커피학원,22,829230,12,,,경기,수원시
1116,제과제빵기능사 자격증과정(이론+실기),제천제빵커피학원,50,1452600,18,,,충북,제천시
1117,제과제빵이론과실기,경기외식직업전문학교,55,1495340,15,,,경기,수원시
1118,제과제빵기능사(필기+실기) 및 카페디저트,오산호텔요리제과제빵학원,33,1332210,9,,,경기,오산시
